pinyin	tone	word	count
a	1	啊	1144
a	1	腌	14
a	1	阿	103
ai	1	哀	172
ai	1	哎	23
ai	1	唉	36
ai	1	埃	32
ai	1	挨	97
ai	2	捱	24
ai	2	皑	16
ai	3	嗳	78
ai	3	矮	35
ai	3	蔼	13
ai	3	霭	8
ai	4	僾	1
ai	4	嫒	1
ai	4	暧	10
ai	4	爱	842
ai	4	碍	93
ai	4	艾	24
ai	4	薆	2
ai	4	隘	7
an	1	安	1234
an	1	庵	110
an	1	谙	8
an	1	鞍	10
an	1	鹌	4
an	3	俺	35
an	4	岸	104
an	4	按	216
an	4	晻	1
an	4	暗	440
an	4	案	145
an	4	黯	27
ang	1	肮	6
ang	2	昂	13
ang	4	盎	6
ao	1	凹	14
ao	1	熬	62
ao	2	嗷	10
ao	2	敖	17
ao	2	翱	18
ao	2	螯	4
ao	2	遨	6
ao	2	骜	1
ao	2	鳌	4
ao	3	媪	1
ao	3	拗	26
ao	3	袄	59
ao	4	傲	71
ao	4	坳	5
ao	4	奥	17
ao	4	懊	14
ao	4	鏊	3
ba	1	八	587
ba	1	叭	1
ba	1	吧	723
ba	1	巴	299
ba	1	扒	20
ba	1	疤	74
ba	1	笆	10
ba	1	芭	13
ba	1	豝	3
ba	2	拔	124
ba	2	茇	5
ba	2	跋	17
ba	2	軷	1
ba	2	魃	1
ba	3	把	2929
ba	3	靶	10
ba	4	坝	6
ba	4	灞	1
ba	4	爸	82
ba	4	罢	1695
ba	4	霸	60
ba	4	鲅	1
bai	1	掰	23
bai	2	白	3754
bai	3	摆	258
bai	3	柏	32
bai	3	百	835
bai	4	拜	505
bai	4	稗	1
bai	4	粺	1
bai	4	败	292
ban	1	扳	19
ban	1	搬	118
ban	1	斑	24
ban	1	班	161
ban	1	瘢	1
ban	1	癍	2
ban	1	般	742
ban	1	颁	3
ban	3	坂	1
ban	3	板	149
ban	3	版	16
ban	3	阪	9
ban	4	伴	144
ban	4	办	651
ban	4	半	1319
ban	4	扮	94
ban	4	拌	38
ban	4	瓣	56
ban	4	绊	45
bang	1	帮	289
bang	1	梆	8
bang	1	邦	58
bang	3	榜	23
bang	3	绑	76
bang	3	膀	49
bang	4	傍	24
bang	4	棒	116
bang	4	磅	2
bang	4	蚌	2
bang	4	谤	20
bao	1	剥	45
bao	1	包	473
bao	1	孢	1
bao	1	枹	2
bao	1	煲	4
bao	1	胞	21
bao	1	苞	26
bao	1	褒	8
bao	1	龅	1
bao	2	薄	246
bao	2	雹	3
bao	3	保	506
bao	3	堡	1
bao	3	宝	6554
bao	3	葆	1
bao	3	褓	3
bao	3	饱	72
bao	3	鸨	16
bao	4	报	515
bao	4	抱	575
bao	4	暴	99
bao	4	爆	57
bao	4	豹	36
bao	4	鲍	58
bei		呗	1
bei	1	卑	30
bei	1	悲	391
bei	1	杯	334
bei	1	碑	12
bei	1	陂	9
bei	3	北	279
bei	4	倍	94
bei	4	备	453
bei	4	悖	2
bei	4	惫	19
bei	4	焙	58
bei	4	狈	18
bei	4	背	468
bei	4	被	1849
bei	4	贝	43
bei	4	辈	247
bei	4	邶	3
ben	1	奔	281
ben	3	本	1240
ben	4	笨	67
beng	1	嘣	6
beng	1	崩	35
beng	1	祊	1
beng	1	绷	11
beng	2	甭	1
beng	3	琫	2
beng	3	菶	2
beng	4	蹦	34
beng	4	迸	17
bi	1	屄	1
bi	1	楅	1
bi	1	逼	211
bi	2	鼻	169
bi	3	俾	54
bi	3	匕	23
bi	3	妣	3
bi	3	彼	461
bi	3	比	1151
bi	3	笔	188
bi	3	粃	1
bi	3	鄙	32
bi	4	壁	146
bi	4	奰	1
bi	4	婢	29
bi	4	币	1
bi	4	庇	27
bi	4	弊	18
bi	4	弼	2
bi	4	必	974
bi	4	怭	2
bi	4	愎	1
bi	4	敝	20
bi	4	柲	1
bi	4	毕	421
bi	4	毖	6
bi	4	毙	7
bi	4	濞	1
bi	4	珌	1
bi	4	璧	9
bi	4	畀	10
bi	4	痹	10
bi	4	碧	85
bi	4	篦	11
bi	4	臂	114
bi	4	苾	3
bi	4	蔽	43
bi	4	薜	12
bi	4	裨	3
bi	4	觱	4
bi	4	诐	1
bi	4	贲	3
bi	4	跸	3
bi	4	辟	44
bi	4	避	170
bi	4	閟	5
bi	4	闭	198
bi	4	陛	45
bi	4	韠	2
bi	4	飶	1
bi	4	駜	11
bi	4	驆	1
bi	4	髲	1
bian	1	砭	1
bian	1	笾	12
bian	1	编	89
bian	1	萹	1
bian	1	蝙	3
bian	1	边	1766
bian	1	鞭	54
bian	1	鳊	7
bian	3	匾	53
bian	3	扁	21
bian	3	褊	3
bian	3	贬	12
bian	4	便	5104
bian	4	变	625
bian	4	弁	16
bian	4	徧	3
bian	4	汴	2
bian	4	辨	34
bian	4	辩	40
bian	4	辫	16
bian	4	遍	284
biao	1	儦	6
biao	1	彪	26
biao	1	标	44
biao	1	滮	1
biao	1	瀌	2
biao	1	熛	1
biao	1	猋	2
biao	1	镖	1
biao	1	镳	5
biao	1	飙	1
biao	1	飚	1
biao	3	婊	9
biao	3	表	244
biao	3	裱	4
biao	4	俵	1
biao	4	摽	8
bie	1	憋	14
bie	1	瘪	3
bie	1	鳖	9
bie	2	别	1906
bin	1	傧	4
bin	1	宾	62
bin	1	彬	13
bin	1	槟	7
bin	1	滨	4
bin	1	濒	1
bin	1	缤	13
bin	1	豳	6
bin	1	镔	3
bin	4	殡	40
bin	4	膑	1
bin	4	鬓	28
bing	1	兵	515
bing	1	冰	508
bing	1	掤	2
bing	3	丙	3
bing	3	怲	2
bing	3	柄	31
bing	3	炳	40
bing	3	禀	104
bing	3	秉	46
bing	3	鞞	2
bing	3	饼	43
bing	4	并	879
bing	4	摒	2
bing	4	病	757
bo		啵	2
bo	1	嶓	1
bo	1	拨	118
bo	1	播	15
bo	1	波	163
bo	1	玻	33
bo	1	钵	10
bo	1	饽	5
bo	2	伯	173
bo	2	勃	15
bo	2	博	45
bo	2	帛	12
bo	2	搏	19
bo	2	泊	91
bo	2	瓟	1
bo	2	礴	1
bo	2	箔	2
bo	2	簙	1
bo	2	脖	126
bo	2	膊	29
bo	2	襮	2
bo	2	钹	1
bo	2	镈	2
bo	2	驳	38
bo	2	鹁	3
bo	3	跛	9
bo	4	簸	21
bo	4	蘗	1
bu	1	晡	1
bu	1	逋	1
bu	1	餔	1
bu	3	卜	90
bu	3	哺	2
bu	3	捕	52
bu	3	补	154
bu	4	不	29164
bu	4	埠	1
bu	4	布	210
bu	4	怖	60
bu	4	步	675
bu	4	簿	6
bu	4	部	369
bu	4	钚	1
ca	1	嚓	5
ca	1	擦	133
cai	1	偲	2
cai	1	猜	186
cai	2	才	2511
cai	2	材	101
cai	2	裁	76
cai	2	财	86
cai	3	彩	341
cai	3	睬	13
cai	3	踩	60
cai	3	采	207
cai	4	菜	272
cai	4	蔡	97
can	1	参	176
can	1	餐	18
can	1	骖	13
can	2	惭	30
can	2	残	163
can	2	蚕	19
can	3	惨	111
can	3	憯	9
can	4	灿	23
can	4	璨	5
can	4	粲	17
cang	1	仓	53
cang	1	沧	35
cang	1	舱	14
cang	1	苍	223
cang	1	鸧	7
cang	2	藏	245
cao	1	操	129
cao	1	糙	6
cao	2	嘈	5
cao	2	曹	54
cao	2	槽	16
cao	2	漕	11
cao	3	慅	2
cao	3	懆	2
cao	3	草	478
ce	4	侧	82
ce	4	册	59
ce	4	厕	6
ce	4	恻	10
ce	4	测	51
ce	4	畟	2
ce	4	策	49
cen	2	岑	1
cen	2	涔	1
ceng	1	噌	1
ceng	2	层	206
ceng	4	蹭	44
cha	1	叉	50
cha	1	插	143
cha	1	杈	3
cha	2	察	130
cha	2	搽	2
cha	2	查	214
cha	2	槎	4
cha	2	檫	6
cha	2	猹	1
cha	2	碴	2
cha	2	茬	1
cha	2	茶	591
cha	4	侘	5
cha	4	刹	31
cha	4	姹	1
cha	4	岔	24
cha	4	差	433
cha	4	汊	3
cha	4	诧	65
chai	1	拆	46
chai	1	钗	1116
chai	2	侪	1
chai	2	柴	218
chai	2	豺	8
chai	3	茝	2
chai	4	瘥	1
chai	4	虿	2
chan	1	掺	11
chan	1	搀	90
chan	1	梴	1
chan	1	襜	1
chan	1	觇	1
chan	2	儃	3
chan	2	婵	8
chan	2	巉	1
chan	2	廛	2
chan	2	毚	1
chan	2	潺	9
chan	2	禅	71
chan	2	缠	171
chan	2	蝉	32
chan	2	蟾	122
chan	2	谗	27
chan	2	馋	13
chan	3	产	55
chan	3	幝	2
chan	3	谄	3
chan	3	铲	11
chan	3	阐	3
chan	4	忏	12
chan	4	羼	2
chan	4	颤	177
chang	1	娼	20
chang	1	昌	37
chang	1	猖	11
chang	1	菖	6
chang	1	阊	4
chang	2	偿	42
chang	2	场	504
chang	2	嫦	16
chang	2	尝	167
chang	2	常	897
chang	2	徜	3
chang	2	肠	78
chang	2	苌	6
chang	2	裳	211
chang	2	长	2051
chang	2	鲿	2
chang	3	厂	2
chang	3	惝	2
chang	3	敞	8
chang	3	氅	4
chang	4	倡	12
chang	4	唱	140
chang	4	怅	19
chang	4	畅	28
chang	4	韔	7
chang	4	鬯	6
chao	1	弨	3
chao	1	怊	4
chao	1	抄	107
chao	1	超	139
chao	1	钞	1
chao	2	嘲	35
chao	2	巢	32
chao	2	晁	201
chao	2	潮	29
chao	2	鼌	2
chao	3	吵	106
chao	3	炒	25
che	1	车	441
che	3	扯	177
che	4	坼	1
che	4	彻	52
che	4	掣	22
che	4	撤	31
che	4	澈	21
chen	1	嗔	34
chen	1	琛	3
chen	2	宸	2
chen	2	尘	172
chen	2	忱	3
chen	2	晨	47
chen	2	沉	298
chen	2	煁	1
chen	2	臣	115
chen	2	茞	6
chen	2	谌	2
chen	2	辰	126
chen	2	陈	123
chen	3	碜	1
chen	4	疢	1
chen	4	衬	33
chen	4	谶	4
chen	4	趁	222
cheng	1	撑	143
cheng	1	柽	1
cheng	1	瞠	5
cheng	1	称	337
cheng	1	蛏	1
cheng	1	赪	2
cheng	1	頳	1
cheng	2	丞	4
cheng	2	乘	163
cheng	2	呈	65
cheng	2	城	477
cheng	2	塍	1
cheng	2	惩	44
cheng	2	成	1716
cheng	2	承	230
cheng	2	橙	1
cheng	2	澄	13
cheng	2	珵	1
cheng	2	程	128
cheng	2	诚	68
cheng	2	酲	2
cheng	3	逞	24
cheng	3	骋	12
cheng	4	秤	7
chi	1	吃	2419
chi	1	哧	11
chi	1	嗤	26
chi	1	摛	1
chi	1	痴	198
chi	1	笞	3
chi	1	絺	6
chi	1	蚩	7
chi	1	螭	11
chi	1	鸱	12
chi	2	匙	25
chi	2	墀	5
chi	2	弛	5
chi	2	持	241
chi	2	池	262
chi	2	篪	3
chi	2	踟	4
chi	2	迟	226
chi	2	驰	68
chi	3	侈	4
chi	3	尺	63
chi	3	耻	46
chi	3	褫	1
chi	3	齿	86
chi	4	傺	5
chi	4	叱	5
chi	4	啻	3
chi	4	敕	6
chi	4	斥	47
chi	4	炽	8
chi	4	翅	39
chi	4	赤	125
chi	4	饬	11
chong	1	充	89
chong	1	冲	609
chong	1	忡	17
chong	1	憧	1
chong	1	罿	2
chong	1	舂	1
chong	1	艟	1
chong	2	崇	33
chong	2	虫	212
chong	3	宠	53
chou	1	䌷	1
chou	1	抽	201
chou	1	瘳	3
chou	2	仇	154
chou	2	俦	2
chou	2	帱	2
chou	2	惆	8
chou	2	愁	158
chou	2	畴	1
chou	2	稠	6
chou	2	筹	27
chou	2	绸	47
chou	2	裯	3
chou	2	踌	15
chou	2	酬	36
chou	2	雠	5
chou	3	丑	84
chou	3	瞅	64
chou	3	魗	2
chou	4	臭	57
chu	1	出	6672
chu	1	初	438
chu	1	樗	4
chu	2	刍	4
chu	2	厨	112
chu	2	橱	15
chu	2	篨	3
chu	2	蜍	1
chu	2	蹰	5
chu	2	躇	14
chu	2	鉏	1
chu	2	锄	31
chu	2	除	326
chu	2	雏	14
chu	3	处	1759
chu	3	杵	2
chu	3	楚	365
chu	3	础	2
chu	4	俶	4
chu	4	怵	7
chu	4	憷	1
chu	4	搐	18
chu	4	矗	9
chu	4	触	112
chu	4	黜	1
chuai	3	揣	38
chuai	4	踹	16
chuan	1	川	37
chuan	1	穿	511
chuan	2	传	627
chuan	2	椽	1
chuan	2	舡	12
chuan	2	船	227
chuan	2	遄	9
chuan	3	喘	95
chuan	3	舛	7
chuan	4	串	62
chuan	4	钏	109
chuang	1	疮	9
chuang	1	窗	218
chuang	2	幢	4
chuang	2	床	307
chuang	3	闯	49
chuang	4	创	26
chuang	4	怆	6
chui	1	吹	168
chui	1	炊	10
chui	2	倕	1
chui	2	垂	166
chui	2	捶	49
chui	2	槌	2
chui	2	锤	15
chun	1	春	1211
chun	1	椿	3
chun	1	輴	3
chun	2	唇	186
chun	2	淳	1
chun	2	漘	4
chun	2	犉	2
chun	2	纯	71
chun	2	莼	2
chun	2	蓴	1
chun	2	醇	4
chun	2	錞	2
chun	2	鹑	15
chun	3	蠢	41
chuo	1	戳	73
chuo	1	逴	4
chuo	4	啜	8
chuo	4	惙	4
chuo	4	歠	1
chuo	4	绰	41
chuo	4	辍	2
chuo	4	龊	7
ci	1	玼	3
ci	1	疵	4
ci	2	慈	83
ci	2	瓷	16
ci	2	磁	8
ci	2	祠	33
ci	2	茨	11
ci	2	薋	2
ci	2	词	243
ci	2	辞	287
ci	2	雌	19
ci	3	佌	2
ci	3	此	2760
ci	3	泚	2
ci	4	佽	4
ci	4	刺	202
ci	4	次	1311
ci	4	赐	76
cong	1	匆	67
cong	1	枞	1
cong	1	聪	88
cong	1	葱	18
cong	1	骢	1
cong	2	丛	43
cong	2	从	2163
cong	2	潀	1
cong	2	琮	9
cou	4	凑	101
cou	4	腠	1
cou	4	辏	2
cu	1	粗	107
cu	2	徂	32
cu	2	殂	1
cu	4	促	81
cu	4	猝	3
cu	4	簇	38
cu	4	踧	2
cu	4	蹙	14
cu	4	蹴	1
cu	4	醋	37
cuan	1	撺	10
cuan	1	蹿	12
cuan	2	巑	2
cuan	4	爨	3
cuan	4	窜	32
cui	1	催	149
cui	1	崔	34
cui	1	摧	24
cui	3	漼	2
cui	3	璀	18
cui	4	啐	61
cui	4	悴	17
cui	4	毳	5
cui	4	瘁	12
cui	4	粹	9
cui	4	翠	189
cui	4	脆	59
cui	4	萃	8
cun	1	村	339
cun	1	皴	1
cun	2	存	153
cun	3	忖	50
cun	4	寸	88
cuo	1	搓	25
cuo	1	撮	14
cuo	1	瑳	5
cuo	1	磋	8
cuo	2	鹾	2
cuo	4	厝	2
cuo	4	挫	14
cuo	4	措	60
cuo	4	锉	1
cuo	4	错	576
da	1	哒	15
da	1	搭	110
da	1	耷	4
da	1	褡	2
da	2	怛	8
da	2	瘩	19
da	2	答	683
da	2	跶	2
da	2	达	216
da	2	靼	1
da	3	打	2794
da	4	大	7389
dai	1	呆	382
dai	3	歹	134
dai	4	代	352
dai	4	带	1418
dai	4	待	601
dai	4	怠	27
dai	4	戴	331
dai	4	曃	1
dai	4	殆	19
dai	4	玳	1
dai	4	袋	120
dai	4	贷	3
dai	4	軑	1
dai	4	迨	10
dai	4	逮	6
dai	4	黛	1381
dan	1	丹	90
dan	1	单	451
dan	1	担	269
dan	1	殚	5
dan	1	眈	2
dan	1	箪	1
dan	1	耽	75
dan	1	郸	3
dan	1	酖	1
dan	3	亶	8
dan	3	掸	14
dan	3	紞	2
dan	3	胆	142
dan	4	但	977
dan	4	僤	1
dan	4	啖	4
dan	4	啗	1
dan	4	弹	136
dan	4	惮	28
dan	4	憺	6
dan	4	旦	106
dan	4	淡	272
dan	4	澹	6
dan	4	瘅	1
dan	4	萏	2
dan	4	蛋	44
dan	4	訑	1
dan	4	诞	30
dan	4	餤	1
dan	4	髧	3
dan	4	黮	2
dang	1	当	1704
dang	1	珰	1
dang	1	筜	1
dang	1	裆	2
dang	1	铛	23
dang	3	党	13
dang	3	挡	101
dang	4	宕	1
dang	4	档	8
dang	4	砀	5
dang	4	荡	214
dao	1	刀	437
dao	1	忉	12
dao	3	倒	2009
dao	3	导	128
dao	3	岛	68
dao	3	捣	27
dao	3	祷	14
dao	3	蹈	21
dao	4	到	6482
dao	4	悼	19
dao	4	盗	124
dao	4	稻	46
dao	4	纛	2
dao	4	翿	4
dao	4	道	13873
de	2	得	6762
de	2	德	241
de	2	锝	1
deng	1	噔	6
deng	1	灯	337
deng	1	登	191
deng	1	蹬	25
deng	3	戥	6
deng	3	等	2659
deng	4	凳	20
deng	4	瞪	101
deng	4	磴	1
deng	4	邓	33
deng	4	镫	7
di	1	低	450
di	1	堤	17
di	1	氐	2
di	1	滴	203
di	1	羝	1
di	2	嘀	9
di	2	嫡	10
di	2	敌	154
di	2	涤	10
di	2	狄	9
di	2	的	36415
di	2	笛	31
di	2	翟	7
di	2	荻	7
di	2	觌	2
di	2	蹢	1
di	2	迪	3
di	2	髢	2
di	3	厎	2
di	3	坻	3
di	3	底	806
di	3	抵	72
di	3	柢	3
di	3	砥	3
di	3	诋	1
di	3	軧	2
di	3	邸	6
di	3	阺	1
di	4	地	1997
di	4	娣	6
di	4	帝	187
di	4	弟	1268
di	4	杕	14
di	4	棣	17
di	4	睇	5
di	4	祶	1
di	4	第	1038
di	4	缔	1
di	4	蒂	12
di	4	蝃	4
di	4	谛	2
di	4	递	228
dia	3	嗲	2
dian	1	巅	22
dian	1	掂	9
dian	1	滇	1
dian	1	瘨	2
dian	1	癫	17
dian	1	颠	89
dian	3	典	78
dian	3	点	2080
dian	3	踮	4
dian	4	垫	25
dian	4	奠	23
dian	4	店	238
dian	4	惦	30
dian	4	殿	452
dian	4	淀	2
dian	4	玷	15
dian	4	电	169
dian	4	甸	20
dian	4	簟	8
dian	4	钿	1
dian	4	阽	1
dian	4	靛	5
dian	4	驔	1
diao	1	凋	9
diao	1	刁	27
diao	1	叼	3
diao	1	彫	1
diao	1	貂	12
diao	1	雕	61
diao	4	吊	125
diao	4	掉	324
diao	4	钓	62
diao	4	铞	4
diao	4	铫	2
die	1	爹	178
die	1	跌	59
die	2	叠	60
die	2	咥	2
die	2	喋	2
die	2	垤	3
die	2	牒	6
die	2	瓞	2
die	2	碟	41
die	2	耋	3
die	2	蝶	36
die	2	蹀	2
die	2	迭	26
die	2	鲽	1
ding	1	丁	84
ding	1	仃	4
ding	1	叮	46
ding	1	玎	1
ding	1	疔	3
ding	1	盯	27
ding	1	钉	133
ding	3	顶	188
ding	3	鼎	159
ding	4	定	1452
ding	4	订	8
ding	4	锭	20
diu	1	丢	227
dong	1	东	2280
dong	1	冬	74
dong	1	咚	28
dong	1	涷	1
dong	1	蝀	4
dong	3	懂	244
dong	3	董	59
dong	4	冻	68
dong	4	动	1357
dong	4	恫	3
dong	4	栋	8
dong	4	洞	244
dou	1	兜	33
dou	3	抖	203
dou	3	斗	461
dou	3	蚪	2
dou	3	陡	51
dou	4	痘	3
dou	4	窦	3
dou	4	豆	66
dou	4	逗	31
du	1	嘟	71
du	1	督	13
du	1	都	5938
du	1	阇	2
du	2	毒	282
du	2	渎	14
du	2	牍	2
du	2	独	403
du	2	读	162
du	3	堵	44
du	3	睹	18
du	3	笃	19
du	3	赌	227
du	4	妒	52
du	4	度	342
du	4	杜	86
du	4	渡	58
du	4	肚	131
du	4	芏	1
du	4	蠹	7
du	4	镀	2
duan	1	端	354
duan	3	短	215
duan	4	断	596
duan	4	段	161
duan	4	煅	1
duan	4	缎	72
duan	4	锻	11
dui	1	堆	109
dui	4	兑	14
dui	4	对	1831
dui	4	怼	1
dui	4	憞	1
dui	4	碓	1
dui	4	祋	2
dui	4	队	88
dun	1	墩	8
dun	1	敦	16
dun	1	蹲	64
dun	3	盹	18
dun	3	趸	3
dun	4	沌	18
dun	4	炖	7
dun	4	盾	26
dun	4	遁	21
dun	4	钝	24
dun	4	顿	371
duo	1	咄	9
duo	1	哆	20
duo	1	多	3212
duo	1	掇	17
duo	2	夺	219
duo	2	踱	14
duo	2	铎	1
duo	3	垛	1
duo	3	朵	154
duo	3	躲	216
duo	4	剁	15
duo	4	堕	33
duo	4	惰	9
duo	4	舵	2
duo	4	跺	37
e	1	婀	2
e	1	屙	1
e	2	俄	5
e	2	吪	4
e	2	娥	25
e	2	峨	18
e	2	莪	12
e	2	蛾	10
e	2	讹	24
e	2	额	118
e	2	鹅	32
e	4	厄	4
e	4	呃	23
e	4	咢	1
e	4	噩	16
e	4	恶	220
e	4	愕	14
e	4	扼	1
e	4	萼	2
e	4	轭	1
e	4	遌	1
e	4	遏	12
e	4	鄂	3
e	4	阨	1
e	4	颚	2
e	4	饿	141
e	4	鹗	1
ei	1	诶	3
ei	4	欸	1
en	1	恩	452
en	4	摁	2
er	2	儿	6478
er	2	而	2774
er	2	胹	1
er	3	尔	298
er	3	洱	1
er	3	珥	1
er	3	耳	330
er	3	薾	1
er	3	迩	14
er	3	铒	1
er	3	饵	9
er	3	駬	1
er	4	二	4001
er	4	贰	6
fa	1	发	2205
fa	2	乏	77
fa	2	伐	75
fa	2	筏	10
fa	2	罚	193
fa	2	茷	2
fa	3	法	1261
fa	4	珐	4
fa	4	髪	5
fan	1	帆	9
fan	1	幡	18
fan	1	番	198
fan	1	翻	395
fan	1	藩	19
fan	2	凡	341
fan	2	樊	20
fan	2	烦	277
fan	2	燔	7
fan	2	矾	7
fan	2	繁	65
fan	2	蕃	6
fan	2	薠	3
fan	2	蘩	9
fan	3	反	726
fan	3	返	39
fan	4	梵	20
fan	4	汎	13
fan	4	泛	40
fan	4	犯	231
fan	4	范	32
fan	4	贩	34
fan	4	饭	662
fang	1	坊	58
fang	1	方	2720
fang	1	枋	1
fang	1	芳	332
fang	2	妨	106
fang	2	房	1338
fang	2	肪	1
fang	2	防	215
fang	2	鲂	14
fang	3	仿	367
fang	3	纺	11
fang	3	舫	3
fang	3	访	58
fang	4	放	1586
fei	1	妃	183
fei	1	扉	1
fei	1	绯	24
fei	1	菲	19
fei	1	霏	8
fei	1	非	558
fei	1	飞	927
fei	1	騑	9
fei	2	肥	66
fei	2	腓	4
fei	3	匪	112
fei	3	悱	3
fei	3	斐	2
fei	3	榧	1
fei	3	翡	12
fei	3	诽	21
fei	4	吠	4
fei	4	废	81
fei	4	沸	25
fei	4	痱	1
fei	4	肺	53
fei	4	芾	14
fei	4	费	187
fei	4	陫	1
fen	1	分	1554
fen	1	吩	227
fen	1	氛	11
fen	1	纷	179
fen	1	芬	15
fen	1	雰	5
fen	1	餴	1
fen	2	坟	48
fen	2	幩	2
fen	2	枌	4
fen	2	汾	8
fen	2	濆	1
fen	2	焚	86
fen	2	蕡	4
fen	3	粉	192
fen	4	份	82
fen	4	奋	96
fen	4	忿	27
fen	4	愤	76
fen	4	粪	15
feng	1	丰	135
feng	1	封	395
feng	1	峰	49
feng	1	枫	5
feng	1	疯	159
feng	1	葑	7
feng	1	蜂	41
feng	1	锋	41
feng	1	风	1558
feng	2	冯	106
feng	2	缝	71
feng	2	逢	102
feng	3	唪	4
feng	3	讽	28
feng	4	俸	6
feng	4	凤	1991
feng	4	奉	169
fo	2	佛	561
fou	2	紑	1
fou	3	否	110
fou	3	缶	2
fu	1	夫	2153
fu	1	孵	4
fu	1	敷	35
fu	1	肤	48
fu	1	趺	1
fu	1	麸	1
fu	2	伏	371
fu	2	俘	12
fu	2	凫	17
fu	2	匐	11
fu	2	孚	3
fu	2	幅	25
fu	2	弗	46
fu	2	扶	264
fu	2	拂	62
fu	2	服	624
fu	2	泭	1
fu	2	浮	211
fu	2	福	333
fu	2	符	62
fu	2	箙	1
fu	2	绋	1
fu	2	罘	2
fu	2	罦	3
fu	2	芙	37
fu	2	芣	10
fu	2	茀	12
fu	2	茯	17
fu	2	葍	1
fu	2	蜉	7
fu	2	蝠	4
fu	2	袚	1
fu	2	袱	60
fu	2	辐	9
fu	2	黻	4
fu	3	俯	111
fu	3	府	908
fu	3	抚	147
fu	3	拊	3
fu	3	斧	84
fu	3	甫	36
fu	3	脯	14
fu	3	腐	62
fu	3	腑	9
fu	3	辅	20
fu	3	釜	7
fu	3	黼	4
fu	4	付	116
fu	4	傅	725
fu	4	副	137
fu	4	咐	295
fu	4	复	576
fu	4	妇	565
fu	4	富	129
fu	4	父	1287
fu	4	缚	37
fu	4	腹	89
fu	4	蝮	2
fu	4	覆	116
fu	4	讣	1
fu	4	负	296
fu	4	赋	64
fu	4	赴	47
fu	4	阜	18
fu	4	附	78
fu	4	馥	5
fu	4	驸	4
fu	4	鲋	1
ga	1	嘎	10
ga	4	尬	21
gai	1	该	914
gai	3	改	250
gai	4	丐	14
gai	4	概	300
gai	4	溉	12
gai	4	盖	367
gan	1	尴	21
gan	1	干	918
gan	1	杆	34
gan	1	漧	1
gan	1	玕	1
gan	1	甘	118
gan	1	矸	1
gan	1	竿	48
gan	1	肝	68
gan	3	感	749
gan	3	擀	1
gan	3	敢	1187
gan	3	橄	2
gan	3	赶	878
gang	1	冈	67
gang	1	刚	747
gang	1	纲	30
gang	1	缸	18
gang	1	罡	6
gang	1	肛	1
gang	1	钢	23
gang	3	岗	2
gang	3	港	15
gang	4	杠	9
gao	1	槔	2
gao	1	櫜	2
gao	1	皋	13
gao	1	篙	12
gao	1	糕	41
gao	1	羔	40
gao	1	膏	53
gao	1	高	1190
gao	1	鼛	2
gao	3	搞	42
gao	3	杲	6
gao	3	槁	9
gao	3	稿	25
gao	3	缟	10
gao	3	镐	7
gao	4	告	1130
gao	4	诰	25
ge	1	割	100
ge	1	哥	1320
ge	1	戈	24
ge	1	搁	99
ge	1	歌	137
ge	1	疙	19
ge	1	胳	24
ge	1	鸽	3
ge	2	嗝	4
ge	2	格	150
ge	2	膈	4
ge	2	葛	65
ge	2	蛤	5
ge	2	阁	250
ge	2	隔	185
ge	2	革	39
ge	2	韐	1
ge	2	骼	3
ge	3	哿	2
ge	4	个	10041
ge	4	各	915
ge	4	虼	1
gei	3	给	2153
gen	1	根	473
gen	1	跟	1486
gen	4	亘	10
gen	4	艮	1
geng	1	庚	28
geng	1	更	1597
geng	1	羹	43
geng	1	耕	10
geng	3	哽	28
geng	3	埂	15
geng	3	梗	8
geng	3	耿	37
gong	1	供	155
gong	1	公	984
gong	1	功	277
gong	1	宫	388
gong	1	工	213
gong	1	弓	76
gong	1	恭	121
gong	1	攻	187
gong	1	肱	1
gong	1	蚣	2
gong	1	觥	9
gong	1	躬	50
gong	1	龚	3
gong	3	巩	1
gong	3	拱	22
gong	3	汞	1
gong	3	珙	1
gong	4	共	239
gong	4	贡	13
gou	1	佝	2
gou	1	勾	158
gou	1	沟	17
gou	1	篝	5
gou	1	钩	60
gou	3	狗	127
gou	3	笱	10
gou	3	耇	4
gou	3	苟	31
gou	4	冓	10
gou	4	垢	7
gou	4	够	358
gou	4	媾	3
gou	4	构	8
gou	4	觏	17
gou	4	诟	7
gou	4	购	3
gou	4	遘	2
gou	4	雊	1
gu	1	估	32
gu	1	咕	82
gu	1	姑	1427
gu	1	孤	143
gu	1	沽	7
gu	1	箍	12
gu	1	罛	2
gu	1	菇	13
gu	1	菰	1
gu	1	觚	2
gu	1	辜	70
gu	1	酤	4
gu	1	鸪	2
gu	3	古	526
gu	3	嘏	5
gu	3	榖	17
gu	3	毂	5
gu	3	汩	9
gu	3	淈	1
gu	3	盬	15
gu	3	瞽	7
gu	3	罟	3
gu	3	羖	1
gu	3	股	136
gu	3	蛊	8
gu	3	谷	120
gu	3	贾	5203
gu	3	骨	5435
gu	3	鹘	1
gu	3	鼓	215
gu	4	固	154
gu	4	故	702
gu	4	梏	1
gu	4	锢	15
gu	4	雇	34
gu	4	顾	547
gua	1	刮	38
gua	1	呱	18
gua	1	栝	1
gua	1	瓜	85
gua	1	騧	2
gua	1	鸹	9
gua	3	剐	17
gua	3	寡	57
gua	4	卦	50
gua	4	挂	280
gua	4	褂	25
guai	1	乖	118
guai	3	拐	74
guai	3	柺	1
guai	4	怪	616
guan	1	倌	3
guan	1	关	598
guan	1	冠	54
guan	1	官	1071
guan	1	棺	37
guan	1	莞	6
guan	1	观	273
guan	1	鳏	6
guan	3	痯	2
guan	3	筦	1
guan	3	管	1314
guan	3	馆	110
guan	4	丱	2
guan	4	惯	152
guan	4	灌	77
guan	4	盥	13
guan	4	祼	2
guan	4	罐	15
guan	4	贯	79
guan	4	鹳	2
guang	1	光	1021
guang	1	咣	3
guang	1	洸	4
guang	1	胱	1
guang	3	广	77
guang	3	犷	1
guang	4	俇	1
guang	4	逛	152
gui	1	圭	12
gui	1	归	511
gui	1	珪	12
gui	1	瑰	28
gui	1	皈	5
gui	1	袿	2
gui	1	规	147
gui	1	闺	52
gui	1	龟	22
gui	3	垝	2
gui	3	姽	8
gui	3	氿	1
gui	3	癸	14
gui	3	簋	6
gui	3	诡	87
gui	3	轨	10
gui	3	鬼	563
gui	4	刽	5
gui	4	柜	32
gui	4	桂	230
gui	4	桧	8
gui	4	瞆	1
gui	4	贵	349
gui	4	跪	303
gun	3	滚	256
gun	3	绲	2
gun	3	衮	14
gun	3	鮌	1
gun	3	鲧	5
gun	4	棍	46
guo	1	聒	9
guo	1	蝈	12
guo	1	郭	23
guo	1	锅	34
guo	2	国	385
guo	2	帼	1
guo	2	馘	2
guo	3	果	1100
guo	3	椁	4
guo	3	蜾	1
guo	3	裹	65
guo	4	过	5435
ha	1	哈	352
hai	1	咍	1
hai	2	孩	606
hai	2	骸	10
hai	3	海	658
hai	3	醢	9
hai	4	亥	16
hai	4	嗐	1
hai	4	害	653
hai	4	骇	36
han	1	憨	22
han	1	犴	1
han	1	酣	11
han	1	顸	1
han	1	鼾	3
han	2	函	2
han	2	含	149
han	2	寒	270
han	2	涵	10
han	2	邯	3
han	2	韩	45
han	3	喊	196
han	3	罕	68
han	4	悍	5
han	4	憾	11
han	4	捍	1
han	4	撼	10
han	4	旱	25
han	4	暵	4
han	4	汉	498
han	4	汗	162
han	4	瀚	28
han	4	熯	1
han	4	翰	19
han	4	菡	31
han	4	颔	6
hang	1	夯	5
hang	2	吭	9
hang	2	杭	10
hang	2	航	1
hang	2	行	1456
hang	2	颃	3
hang	4	沆	1
hao	1	蒿	14
hao	1	薅	1
hao	2	嚎	31
hao	2	壕	1
hao	2	毫	192
hao	2	濠	2
hao	2	豪	32
hao	3	好	6938
hao	3	郝	14
hao	4	号	167
hao	4	昊	33
hao	4	浩	39
hao	4	皓	28
hao	4	耗	73
hao	4	颢	2
he	1	呵	186
he	1	喝	568
he	1	嗬	1
he	2	何	2535
he	2	劾	2
he	2	合	548
he	2	和	3578
he	2	曷	35
he	2	核	9
he	2	河	272
he	2	涸	3
he	2	盍	2
he	2	盒	94
he	2	禾	13
he	2	荷	77
he	2	貉	5
he	2	阂	1
he	2	阖	14
he	4	壑	8
he	4	熇	2
he	4	翯	2
he	4	褐	6
he	4	贺	81
he	4	赫	50
he	4	鹤	54
hei	1	嘿	80
hei	1	黑	419
hen	2	痕	150
hen	3	很	1162
hen	3	狠	267
hen	4	恨	450
heng	1	亨	7
heng	1	哼	260
heng	2	恒	29
heng	2	横	356
heng	2	珩	3
heng	2	蘅	44
heng	2	衡	34
hong	1	哄	159
hong	1	烘	14
hong	1	薨	22
hong	1	轰	36
hong	2	宏	16
hong	2	弘	17
hong	2	洪	79
hong	2	红	1045
hong	2	耾	2
hong	2	荭	2
hong	2	虹	24
hong	2	鞃	1
hong	2	鸿	36
hong	2	黉	1
hong	4	讧	1
hou	2	侯	197
hou	2	喉	47
hou	2	猴	35
hou	2	糇	4
hou	2	鍭	3
hou	3	吼	75
hou	4	候	818
hou	4	厚	101
hou	4	后	3352
hou	4	豞	1
hou	4	逅	8
hu	1	乎	732
hu	1	呼	379
hu	1	唿	4
hu	1	幠	2
hu	1	忽	607
hu	1	惚	58
hu	1	曶	2
hu	1	糊	349
hu	1	膴	4
hu	2	囫	1
hu	2	壶	67
hu	2	弧	6
hu	2	斛	4
hu	2	湖	85
hu	2	狐	94
hu	2	猢	4
hu	2	瑚	4
hu	2	縠	4
hu	2	胡	369
hu	2	葫	39
hu	2	蝴	15
hu	2	醐	1
hu	2	鹄	10
hu	2	鹕	1
hu	3	唬	206
hu	3	浒	8
hu	3	琥	62
hu	3	虎	277
hu	4	互	63
hu	4	嫮	1
hu	4	岵	4
hu	4	怙	3
hu	4	户	148
hu	4	扈	56
hu	4	护	334
hu	4	瓠	12
hu	4	祜	8
hu	4	笏	5
hua	1	花	6261
hua	2	划	108
hua	2	华	308
hua	2	哗	29
hua	2	滑	121
hua	2	猾	9
hua	4	化	384
hua	4	婳	8
hua	4	画	2415
hua	4	话	3305
huai	2	徊	13
huai	2	怀	537
huai	2	槐	12
huai	2	淮	19
huai	2	踝	10
huai	4	坏	220
huan	1	欢	615
huan	1	獾	4
huan	1	讙	2
huan	2	圜	4
huan	2	嬛	2
huan	2	寰	6
huan	2	桓	23
huan	2	环	349
huan	2	絙	2
huan	2	萑	4
huan	2	貆	2
huan	2	还	5014
huan	2	锾	1
huan	2	鬟	264
huan	3	睆	4
huan	3	缓	237
huan	4	唤	279
huan	4	奂	12
huan	4	宦	22
huan	4	幻	202
huan	4	患	43
huan	4	换	297
huan	4	浣	10
huan	4	涣	7
huan	4	焕	11
huan	4	逭	1
huang	1	慌	376
huang	1	肓	4
huang	1	荒	396
huang	2	凰	26
huang	2	喤	6
huang	2	徨	5
huang	2	惶	35
huang	2	潢	6
huang	2	煌	28
huang	2	璜	13
huang	2	皇	249
huang	2	磺	1
huang	2	篁	2
huang	2	簧	13
huang	2	蝗	9
huang	2	遑	28
huang	2	隍	4
huang	2	餭	1
huang	2	鳇	1
huang	2	黄	414
huang	3	幌	9
huang	3	怳	4
huang	3	恍	89
huang	3	晃	132
huang	3	谎	83
hui	1	徽	8
hui	1	恢	168
hui	1	挥	176
hui	1	晖	3
hui	1	灰	125
hui	1	睢	4
hui	1	翚	1
hui	1	袆	1
hui	1	诙	3
hui	1	辉	63
hui	1	隳	2
hui	1	麾	7
hui	2	佪	4
hui	2	回	5075
hui	2	洄	6
hui	2	茴	1
hui	2	蛔	1
hui	3	悔	170
hui	3	毁	114
hui	3	燬	3
hui	3	虺	12
hui	4	会	3063
hui	4	卉	15
hui	4	喙	5
hui	4	嘒	10
hui	4	彗	2
hui	4	惠	51
hui	4	慧	23
hui	4	晦	28
hui	4	汇	21
hui	4	濊	4
hui	4	秽	21
hui	4	绘	12
hui	4	缋	2
hui	4	翙	4
hui	4	荟	4
hui	4	蕙	58
hui	4	讳	25
hui	4	诲	10
hui	4	贿	6
hun	1	婚	63
hun	1	惛	3
hun	1	昏	221
hun	1	荤	12
hun	1	阍	2
hun	2	浑	161
hun	2	馄	4
hun	2	魂	454
hun	4	混	339
hun	4	溷	8
hun	4	诨	2
huo	1	豁	18
huo	2	佸	3
huo	2	活	544
huo	3	伙	240
huo	3	火	735
huo	4	惑	109
huo	4	或	1177
huo	4	濩	2
huo	4	祸	115
huo	4	臛	1
huo	4	获	81
huo	4	藿	6
huo	4	蠖	1
huo	4	货	53
huo	4	霍	10
ji	1	乩	13
ji	1	几	2652
ji	1	击	209
ji	1	叽	16
ji	1	咭	12
ji	1	唧	162
ji	1	基	84
ji	1	姬	33
ji	1	屐	5
ji	1	嵇	2
ji	1	机	407
ji	1	激	195
ji	1	犄	3
ji	1	玑	3
ji	1	畸	8
ji	1	畿	4
ji	1	矶	15
ji	1	积	96
ji	1	稽	23
ji	1	笄	5
ji	1	箕	11
ji	1	缉	31
ji	1	羁	12
ji	1	肌	38
ji	1	讥	9
ji	1	赍	1
ji	1	跻	7
ji	1	隮	4
ji	1	饥	55
ji	1	鶺	1
ji	1	鸡	186
ji	1	齑	2
ji	2	亟	8
ji	2	佶	3
ji	2	即	443
ji	2	及	552
ji	2	吉	108
ji	2	姞	2
ji	2	嫉	29
ji	2	岌	4
ji	2	急	723
ji	2	戢	4
ji	2	极	502
ji	2	棘	38
ji	2	楫	9
ji	2	殛	1
ji	2	汲	7
ji	2	濈	2
ji	2	疾	98
ji	2	瘠	3
ji	2	籍	53
ji	2	级	54
ji	2	蒺	2
ji	2	襋	2
ji	2	踖	2
ji	2	蹐	1
ji	2	辑	4
ji	2	集	152
ji	3	己	2990
ji	3	戟	15
ji	3	挤	70
ji	3	掎	2
ji	3	泲	2
ji	3	脊	31
ji	3	虮	1
ji	4	伎	3
ji	4	偈	19
ji	4	冀	19
ji	4	剂	36
ji	4	哜	1
ji	4	妓	14
ji	4	季	29
ji	4	寂	115
ji	4	寄	58
ji	4	忌	69
ji	4	悸	7
ji	4	技	36
ji	4	既	895
ji	4	暨	1
ji	4	洎	1
ji	4	济	123
ji	4	祭	129
ji	4	稷	33
ji	4	穧	1
ji	4	纪	192
ji	4	继	140
ji	4	绩	15
ji	4	罽	1
ji	4	芰	3
ji	4	茍	1
ji	4	荠	4
ji	4	蓟	11
ji	4	觊	2
ji	4	计	350
ji	4	记	599
ji	4	蹟	1
ji	4	迹	173
ji	4	际	68
ji	4	霁	5
ji	4	骥	13
ji	4	髻	20
ji	4	鰿	1
ji	4	鲫	2
jia	1	佳	76
jia	1	加	478
jia	1	嘉	75
jia	1	夹	96
jia	1	家	4909
jia	1	枷	47
jia	1	浃	3
jia	1	珈	3
jia	1	葭	14
jia	1	袈	2
jia	1	跏	5
jia	2	戛	1
jia	2	荚	2
jia	2	袷	3
jia	2	铗	1
jia	2	颊	43
jia	3	假	280
jia	3	斝	2
jia	3	甲	125
jia	3	胛	1
jia	4	价	88
jia	4	嫁	142
jia	4	架	133
jia	4	稼	19
jia	4	驾	108
jian	1	兼	68
jian	1	坚	120
jian	1	奸	66
jian	1	尖	151
jian	1	搛	4
jian	1	歼	6
jian	1	煎	42
jian	1	监	185
jian	1	笺	17
jian	1	缄	1
jian	1	肩	119
jian	1	艰	56
jian	1	菅	5
jian	1	蒹	9
jian	1	蕳	4
jian	1	豜	2
jian	1	间	1803
jian	1	鞯	1
jian	1	鹣	1
jian	3	俭	12
jian	3	减	77
jian	3	剪	67
jian	3	戬	2
jian	3	拣	109
jian	3	捡	34
jian	3	柬	1
jian	3	检	47
jian	3	睑	4
jian	3	简	201
jian	3	翦	1
jian	3	茧	3
jian	3	裥	1
jian	3	謇	10
jian	3	蹇	18
jian	3	鬋	2
jian	4	件	687
jian	4	俴	4
jian	4	健	43
jian	4	僭	8
jian	4	剑	812
jian	4	建	65
jian	4	楗	1
jian	4	槛	75
jian	4	涧	11
jian	4	渐	349
jian	4	溅	40
jian	4	箭	174
jian	4	腱	1
jian	4	舰	1
jian	4	荐	50
jian	4	见	7156
jian	4	谏	23
jian	4	贱	51
jian	4	践	39
jian	4	鉴	25
jian	4	键	20
jian	4	餞	1
jian	4	饯	19
jiang	1	僵	53
jiang	1	姜	52
jiang	1	将	2170
jiang	1	江	1191
jiang	1	浆	24
jiang	1	疆	46
jiang	1	缰	14
jiang	1	豇	1
jiang	3	奖	18
jiang	3	桨	4
jiang	3	蒋	73
jiang	3	讲	212
jiang	4	匠	35
jiang	4	犟	1
jiang	4	糨	2
jiang	4	绛	24
jiang	4	酱	9
jiang	4	降	162
jiao	1	交	571
jiao	1	姣	14
jiao	1	娇	124
jiao	1	憍	2
jiao	1	椒	39
jiao	1	浇	30
jiao	1	焦	97
jiao	1	礁	1
jiao	1	胶	22
jiao	1	艽	1
jiao	1	蕉	34
jiao	1	蛟	7
jiao	1	跤	14
jiao	1	郊	26
jiao	1	骄	38
jiao	1	鲛	13
jiao	1	鷮	1
jiao	2	嚼	47
jiao	3	佼	3
jiao	3	侥	9
jiao	3	剿	19
jiao	3	徼	1
jiao	3	挢	1
jiao	3	搅	38
jiao	3	狡	27
jiao	3	皎	21
jiao	3	皦	2
jiao	3	矫	11
jiao	3	绞	32
jiao	3	缴	3
jiao	3	脚	571
jiao	3	角	343
jiao	3	铰	14
jiao	3	饺	2
jiao	4	叫	3205
jiao	4	噭	2
jiao	4	教	495
jiao	4	窖	6
jiao	4	轿	147
jiao	4	较	121
jiao	4	酵	1
jiao	4	醮	8
jie	1	喈	22
jie	1	嗟	64
jie	1	接	969
jie	1	揭	92
jie	1	湝	2
jie	1	皆	522
jie	1	街	161
jie	1	阶	65
jie	2	劫	141
jie	2	婕	1
jie	2	孑	9
jie	2	截	52
jie	2	拮	5
jie	2	捷	27
jie	2	杰	21
jie	2	桀	16
jie	2	桔	21
jie	2	洁	69
jie	2	睫	17
jie	2	碣	14
jie	2	竭	33
jie	2	结	651
jie	2	羯	1
jie	2	节	435
jie	2	袺	2
jie	2	诘	11
jie	2	颉	4
jie	3	姐	3979
jie	3	解	901
jie	4	介	81
jie	4	借	252
jie	4	届	13
jie	4	戒	94
jie	4	界	820
jie	4	疥	1
jie	4	芥	6
jie	4	藉	6
jie	4	诫	9
jin	1	今	2840
jin	1	堇	1
jin	1	巾	78
jin	1	斤	78
jin	1	津	13
jin	1	矜	15
jin	1	禁	260
jin	1	筋	70
jin	1	衿	6
jin	1	襟	47
jin	1	金	1063
jin	3	仅	101
jin	3	槿	3
jin	3	瑾	1
jin	3	紧	764
jin	3	谨	66
jin	3	锦	138
jin	3	馑	4
jin	4	劲	157
jin	4	噤	4
jin	4	墐	3
jin	4	寖	1
jin	4	尽	686
jin	4	晋	19
jin	4	浸	43
jin	4	烬	9
jin	4	荩	1
jin	4	觐	4
jin	4	近	638
jin	4	进	2607
jing	1	京	316
jing	1	兢	36
jing	1	惊	790
jing	1	旌	19
jing	1	晶	79
jing	1	泾	8
jing	1	睛	471
jing	1	粳	10
jing	1	精	325
jing	1	经	1345
jing	1	茎	34
jing	1	荆	38
jing	1	菁	22
jing	1	鲸	6
jing	3	井	44
jing	3	憬	4
jing	3	景	393
jing	3	警	65
jing	3	阱	15
jing	3	颈	47
jing	4	净	249
jing	4	境	112
jing	4	径	131
jing	4	敬	253
jing	4	痉	4
jing	4	竞	24
jing	4	竟	1255
jing	4	胫	4
jing	4	镜	148
jing	4	靓	1
jing	4	靖	13
jing	4	静	547
jiong	1	駉	14
jiong	3	囧	1
jiong	3	泂	5
jiong	3	炯	6
jiong	3	烱	1
jiong	3	窘	18
jiong	3	褧	7
jiong	3	迥	8
jiong	3	颎	1
jiu	1	啾	6
jiu	1	揪	62
jiu	1	樛	8
jiu	1	究	211
jiu	1	纠	35
jiu	1	赳	8
jiu	1	阄	7
jiu	1	鸠	20
jiu	3	久	562
jiu	3	九	437
jiu	3	灸	11
jiu	3	玖	4
jiu	3	酒	1403
jiu	3	韭	4
jiu	4	厩	2
jiu	4	咎	12
jiu	4	就	7045
jiu	4	捄	4
jiu	4	救	558
jiu	4	旧	679
jiu	4	柩	25
jiu	4	疚	66
jiu	4	臼	4
jiu	4	舅	255
ju	1	凥	1
ju	1	匊	4
ju	1	居	440
ju	1	拘	64
ju	1	掬	5
ju	1	椐	1
ju	1	狙	1
ju	1	琚	4
ju	1	砠	2
ju	1	罝	7
ju	1	苴	7
ju	1	裾	1
ju	1	雎	4
ju	1	鞠	13
ju	1	鞫	8
ju	1	驹	16
ju	2	局	140
ju	2	橘	6
ju	2	菊	83
ju	2	鵙	2
ju	3	举	259
ju	3	咀	1
ju	3	枸	2
ju	3	榘	1
ju	3	沮	12
ju	3	矩	90
ju	3	筥	4
ju	3	莒	1
ju	3	踽	5
ju	4	俱	195
ju	4	倨	3
ju	4	具	122
ju	4	剧	103
ju	4	句	804
ju	4	屦	7
ju	4	巨	204
ju	4	惧	79
ju	4	拒	25
ju	4	据	118
ju	4	炬	5
ju	4	秬	5
ju	4	窭	3
ju	4	粔	1
ju	4	聚	168
ju	4	虡	4
ju	4	讵	1
ju	4	距	20
ju	4	踞	2
ju	4	遽	7
ju	4	锯	8
ju	4	飓	1
juan	1	娟	10
juan	1	捐	12
juan	1	蠲	8
juan	1	镌	8
juan	1	鹃	440
juan	3	锩	1
juan	4	倦	46
juan	4	卷	385
juan	4	惓	4
juan	4	眷	89
juan	4	绢	68
jue	1	撅	3
jue	2	倔	8
jue	2	决	168
jue	2	厥	74
jue	2	崛	1
jue	2	抉	9
jue	2	掘	13
jue	2	攫	3
jue	2	桷	3
jue	2	橛	1
jue	2	泬	1
jue	2	爵	32
jue	2	獗	3
jue	2	玦	1
jue	2	绝	656
jue	2	臄	1
jue	2	蕨	4
jue	2	觉	1428
jue	2	觼	2
jue	2	诀	29
jue	2	谲	5
jue	2	蹶	17
jue	2	镢	1
jue	2	鴂	2
jun	1	军	436
jun	1	君	555
jun	1	均	25
jun	1	菌	17
jun	1	钧	3
jun	1	麕	5
jun	4	俊	181
jun	4	峻	18
jun	4	浚	9
jun	4	畯	4
jun	4	竣	3
jun	4	郡	31
jun	4	隽	2
jun	4	骏	8
ka	1	喀	5
ka	3	咔	1
ka	3	咯	61
kai	1	开	2405
kai	1	揩	3
kai	1	锎	1
kai	3	凯	12
kai	3	嘅	3
kai	3	恺	2
kai	3	慨	22
kai	3	楷	8
kai	3	铠	4
kai	3	锴	1
kai	4	忾	6
kan	1	勘	13
kan	1	堪	106
kan	1	龛	2
kan	3	侃	3
kan	3	坎	39
kan	3	欿	1
kan	3	砍	94
kan	3	顑	2
kan	4	看	5394
kan	4	瞰	15
kan	4	衎	3
kan	4	阚	1
kang	1	康	46
kang	1	忼	2
kang	1	慷	6
kang	1	糠	4
kang	2	扛	23
kang	4	亢	4
kang	4	伉	1
kang	4	抗	51
kang	4	炕	156
kao	3	拷	15
kao	3	栲	5
kao	3	烤	29
kao	3	考	110
kao	4	犒	6
kao	4	铐	2
kao	4	靠	285
ke	1	嗑	6
ke	1	坷	5
ke	1	柯	12
ke	1	棵	34
ke	1	瞌	3
ke	1	磕	142
ke	1	科	22
ke	1	窠	2
ke	1	苛	13
ke	1	薖	2
ke	1	蝌	108
ke	1	轲	1
ke	1	颏	2
ke	1	颗	93
ke	2	咳	96
ke	2	壳	25
ke	3	可	5088
ke	3	岢	1
ke	3	渴	48
ke	4	克	74
ke	4	刻	638
ke	4	堁	2
ke	4	客	376
ke	4	恪	2
ke	4	溘	7
ke	4	缂	1
ke	4	课	110
ke	4	锞	14
ken	3	啃	43
ken	3	垦	1
ken	3	恳	20
ken	3	肯	640
ken	4	裉	1
keng	1	坑	67
keng	1	铿	6
kong	1	崆	21
kong	1	空	975
kong	3	孔	208
kong	3	恐	482
kong	4	控	114
kou	1	抠	10
kou	3	口	1684
kou	4	叩	59
kou	4	寇	32
kou	4	怐	1
kou	4	扣	40
kou	4	蔻	2
ku	1	哭	863
ku	1	堀	1
ku	1	枯	61
ku	1	窟	24
ku	1	骷	20
ku	3	楛	1
ku	3	苦	726
ku	4	喾	1
ku	4	库	39
ku	4	绔	2
ku	4	裤	31
ku	4	酷	26
kua	1	夸	38
kua	1	姱	11
kua	3	垮	7
kua	4	挎	9
kua	4	胯	4
kua	4	跨	18
kuai	4	哙	2
kuai	4	块	295
kuai	4	快	1377
kuai	4	狯	1
kuai	4	筷	28
kuai	4	脍	3
kuan	1	宽	125
kuan	3	款	77
kuan	3	窾	1
kuang	1	匡	8
kuang	1	哐	1
kuang	1	筐	30
kuang	1	诓	9
kuang	2	狂	178
kuang	2	诳	5
kuang	3	懭	1
kuang	4	况	420
kuang	4	圹	1
kuang	4	旷	71
kuang	4	框	6
kuang	4	眶	12
kuang	4	贶	3
kui	1	亏	222
kui	1	盔	17
kui	1	窥	25
kui	2	夔	3
kui	2	奎	1
kui	2	揆	7
kui	2	睽	4
kui	2	葵	18
kui	2	逵	368
kui	2	馗	2
kui	2	骙	10
kui	2	魁	36
kui	3	傀	8
kui	3	頍	5
kui	4	匮	3
kui	4	喟	3
kui	4	愦	7
kui	4	愧	115
kui	4	溃	17
kui	4	篑	1
kui	4	聩	2
kui	4	馈	6
kun	1	坤	48
kun	1	昆	99
kun	1	髡	1
kun	1	鲲	4
kun	1	鹍	2
kun	3	壸	1
kun	3	悃	2
kun	3	捆	72
kun	3	稛	1
kun	3	阃	1
kun	4	困	115
kuo	4	廓	8
kuo	4	扩	5
kuo	4	括	63
kuo	4	阔	47
kuo	4	鞹	3
kuo	4	韕	1
la	1	啦	131
la	1	拉	535
la	1	邋	4
la	3	喇	14
la	4	剌	3
la	4	瘌	1
la	4	腊	17
la	4	落	1099
la	4	蜡	28
la	4	辣	34
lai	2	来	18238
lai	2	涞	1
lai	2	莱	28
lai	2	騋	2
lai	4	徕	25
lai	4	濑	2
lai	4	癞	13
lai	4	睐	2
lai	4	籁	13
lai	4	赉	4
lai	4	赖	252
lan	2	兰	232
lan	2	婪	37
lan	2	岚	2
lan	2	惏	2
lan	2	拦	218
lan	2	斓	2
lan	2	栏	71
lan	2	澜	167
lan	2	篮	25
lan	2	蓝	195
lan	2	褴	3
lan	2	阑	157
lan	3	懒	155
lan	3	揽	42
lan	3	榄	2
lan	3	缆	1
lan	3	览	25
lan	4	滥	18
lan	4	烂	113
lang	1	啷	7
lang	2	廊	90
lang	2	榔	8
lang	2	狼	85
lang	2	琅	6
lang	2	稂	4
lang	2	螂	2
lang	2	郎	130
lang	3	朗	302
lang	4	浪	139
lang	4	阆	2
lao	1	捞	17
lao	2	劳	193
lao	2	崂	28
lao	2	牢	245
lao	2	痨	10
lao	2	醪	1
lao	3	潦	12
lao	3	老	3324
lao	4	唠	16
lao	4	涝	2
lao	4	烙	6
lao	4	酪	8
le	4	乐	581
le	4	勒	57
lei	2	擂	23
lei	2	檑	3
lei	2	累	171
lei	2	纍	2
lei	2	罍	4
lei	2	羸	1
lei	2	雷	222
lei	3	儡	8
lei	3	垒	6
lei	3	磊	11
lei	3	磥	2
lei	3	蕾	1
lei	3	藟	11
lei	3	诔	6
lei	4	泪	568
lei	4	类	137
lei	4	肋	17
lei	4	酹	1
leng	2	棱	5
leng	2	楞	4
leng	3	冷	845
leng	4	愣	121
li		哩	2
li	2	厘	7
li	2	嫠	1
li	2	梨	58
li	2	漓	4
li	2	犁	2
li	2	狸	17
li	2	璃	53
li	2	离	685
li	2	篱	32
li	2	纚	3
li	2	缡	2
li	2	罹	4
li	2	藜	3
li	2	醨	1
li	2	骊	8
li	2	鹂	4
li	2	黎	14
li	2	黧	3
li	3	娌	12
li	3	李	1407
li	3	理	985
li	3	礼	530
li	3	蠡	2
li	3	逦	1
li	3	醴	9
li	3	里	7814
li	3	鲤	10
li	3	鳢	1
li	4	丽	144
li	4	例	141
li	4	俐	40
li	4	俪	1
li	4	利	275
li	4	力	1577
li	4	励	16
li	4	历	179
li	4	厉	262
li	4	吏	38
li	4	唳	1
li	4	悷	2
li	4	慄	1
li	4	戾	22
li	4	栎	3
li	4	栗	39
li	4	沥	13
li	4	猁	2
li	4	砺	1
li	4	砾	6
li	4	礰	1
li	4	立	621
li	4	笠	27
li	4	粒	27
li	4	粝	1
li	4	荔	21
li	4	莅	3
li	4	莉	5
li	4	詈	2
li	4	跞	1
li	4	隶	8
li	4	雳	11
lian	2	奁	24
lian	2	帘	157
lian	2	廉	65
lian	2	怜	261
lian	2	涟	12
lian	2	联	158
lian	2	莲	303
lian	2	裢	2
lian	2	连	1697
lian	2	镰	17
lian	2	鲢	1
lian	3	敛	35
lian	3	琏	889
lian	3	脸	1268
lian	3	蔹	4
lian	4	恋	75
lian	4	殓	18
lian	4	潋	1
lian	4	炼	100
lian	4	练	125
lian	4	链	77
liang	2	凉	245
liang	2	梁	327
liang	2	椋	1
liang	2	粮	84
liang	2	粱	19
liang	2	良	195
liang	2	踉	49
liang	2	辌	1
liang	2	量	414
liang	3	两	3382
liang	3	俩	89
liang	3	魉	5
liang	4	亮	300
liang	4	悢	1
liang	4	晾	11
liang	4	谅	105
liang	4	辆	52
liao	1	撩	22
liao	2	僚	6
liao	2	嘹	1
liao	2	嫽	3
liao	2	寥	37
liao	2	寮	1
liao	2	橑	1
liao	2	漻	1
liao	2	燎	17
liao	2	獠	3
liao	2	疗	43
liao	2	缭	19
liao	2	聊	89
liao	2	膋	1
liao	2	辽	4
liao	3	了	32855
liao	3	憭	1
liao	3	瞭	5
liao	3	蓼	29
liao	4	廖	1
liao	4	撂	54
liao	4	料	354
liao	4	镣	2
lie	3	咧	58
lie	4	冽	14
lie	4	列	84
lie	4	劣	19
lie	4	埒	1
lie	4	栵	1
lie	4	烈	210
lie	4	猎	49
lie	4	裂	83
lie	4	趔	8
lie	4	躐	1
lin	1	拎	21
lin	2	临	222
lin	2	嶙	2
lin	2	林	1364
lin	2	淋	31
lin	2	琳	3
lin	2	磷	1
lin	2	粼	22
lin	2	辚	4
lin	2	邻	54
lin	2	霖	2
lin	2	鳞	11
lin	2	麟	47
lin	3	凛	22
lin	3	廪	2
lin	4	吝	4
lin	4	蔺	2
lin	4	赁	4
lin	4	躏	2
ling	2	令	511
ling	2	伶	59
ling	2	凌	132
ling	2	囹	1
ling	2	棂	1
ling	2	泠	5
ling	2	灵	426
ling	2	玲	24
ling	2	绫	40
ling	2	翎	7
ling	2	聆	4
ling	2	舲	1
ling	2	苓	25
ling	2	菱	324
ling	2	蛉	1
ling	2	軨	1
ling	2	醽	1
ling	2	铃	170
ling	2	陵	67
ling	2	零	108
ling	2	鲮	1
ling	2	鴒	1
ling	2	龄	37
ling	3	岭	38
ling	3	领	630
ling	4	另	307
liu	1	溜	129
liu	2	刘	422
liu	2	懰	2
liu	2	旒	2
liu	2	榴	8
liu	2	流	820
liu	2	浏	7
liu	2	琉	71
liu	2	留	1412
liu	2	瘤	2
liu	2	硫	2
liu	2	蟉	1
liu	2	鎏	3
liu	2	镏	1
liu	2	骝	3
liu	2	鶹	1
liu	3	柳	224
liu	3	绺	4
liu	3	罶	5
liu	4	六	720
liu	4	霤	1
long	2	咙	16
long	2	尨	3
long	2	栊	30
long	2	珑	24
long	2	窿	15
long	2	笼	117
long	2	聋	14
long	2	胧	21
long	2	茏	3
long	2	隆	84
long	2	龙	246
long	3	垄	3
long	3	拢	35
long	3	陇	6
lou	2	喽	81
lou	2	娄	9
lou	2	楼	239
lou	2	蒌	3
lou	2	髅	20
lou	3	搂	66
lou	3	篓	12
lou	4	漏	48
lou	4	镂	14
lou	4	陋	31
lou	4	露	340
lu	1	噜	25
lu	1	撸	3
lu	2	卢	101
lu	2	庐	8
lu	2	炉	66
lu	2	舻	1
lu	2	芦	90
lu	2	轳	1
lu	2	颅	2
lu	2	鲈	2
lu	3	卤	7
lu	3	掳	11
lu	3	橹	3
lu	3	氇	1
lu	3	虏	8
lu	3	鲁	184
lu	4	录	46
lu	4	戮	25
lu	4	漉	1
lu	4	璐	1
lu	4	睩	1
lu	4	碌	44
lu	4	禄	77
lu	4	稑	2
lu	4	穋	4
lu	4	菉	2
lu	4	赂	3
lu	4	路	881
lu	4	辂	1
lu	4	辘	3
lu	4	醁	1
lu	4	陆	86
lu	4	騄	1
lu	4	鹭	13
lu	4	鹿	53
lu	4	麓	4
luan	2	娈	17
luan	2	孪	1
luan	2	峦	2
luan	2	挛	5
luan	2	栾	3
luan	2	脔	2
luan	2	銮	3
luan	2	鸾	51
luan	3	卵	13
luan	4	乱	679
lun	1	抡	14
lun	2	仑	86
lun	2	伦	77
lun	2	囵	1
lun	2	沦	14
lun	2	纶	8
lun	2	轮	123
lun	3	惀	2
lun	4	论	382
luo	1	啰	78
luo	1	捋	13
luo	2	箩	11
luo	2	罗	137
luo	2	萝	112
luo	2	螺	29
luo	2	逻	6
luo	2	锣	25
luo	2	骡	9
luo	3	瘰	1
luo	3	臝	3
luo	3	蠃	1
luo	3	裸	20
luo	4	摞	1
luo	4	洛	52
luo	4	漯	1
luo	4	珞	9
luo	4	硌	2
luo	4	络	46
luo	4	雒	2
luo	4	骆	12
lv	2	藘	4
lv	2	闾	4
lv	2	驴	24
lv	3	侣	7
lv	3	偻	3
lv	3	吕	21
lv	3	屡	13
lv	3	履	44
lv	3	旅	27
lv	3	缕	86
lv	3	褛	3
lv	4	律	59
lv	4	氯	1
lv	4	滤	4
lv	4	绿	267
lv	4	虑	60
lve	04	掠	28
lve	04	略	313
ma	1	妈	1127
ma	2	吗	203
ma	2	嘛	46
ma	2	蟆	4
ma	2	麻	219
ma	3	玛	6
ma	3	码	11
ma	3	蚂	17
ma	3	马	1151
ma	4	杩	2
ma	4	祃	1
ma	4	骂	403
mai	2	埋	133
mai	2	霾	8
mai	3	买	336
mai	4	卖	226
mai	4	脉	111
mai	4	迈	57
mai	4	霢	1
mai	4	麦	16
man	1	颟	1
man	2	瞒	117
man	2	蛮	305
man	2	谩	4
man	2	馒	32
man	3	满	768
man	4	幔	32
man	4	慢	875
man	4	曼	18
man	4	漫	439
man	4	缦	2
man	4	蔓	47
mang	2	厖	2
mang	2	忙	2383
mang	2	盲	1
mang	2	芒	73
mang	2	茫	102
mang	2	邙	2
mang	3	漭	3
mang	3	莽	28
mang	3	蟒	19
mao	1	猫	38
mao	2	旄	14
mao	2	毛	268
mao	2	牦	2
mao	2	矛	35
mao	2	芼	2
mao	2	茅	320
mao	2	茆	2
mao	2	蟊	5
mao	2	髦	8
mao	3	卯	34
mao	3	昴	4
mao	3	铆	1
mao	4	冒	122
mao	4	帽	28
mao	4	瑁	1
mao	4	瞀	3
mao	4	耄	3
mao	4	茂	45
mao	4	袤	1
mao	4	貌	277
mao	4	贸	7
mei	2	媒	57
mei	2	枚	25
mei	2	梅	109
mei	2	楣	3
mei	2	没	5172
mei	2	湄	2
mei	2	煤	5
mei	2	玫	21
mei	2	眉	422
mei	2	脄	1
mei	2	郿	1
mei	2	鋂	2
mei	2	霉	9
mei	3	挴	1
mei	3	每	680
mei	3	浼	3
mei	3	美	548
mei	4	妹	1233
mei	4	媚	75
mei	4	寐	37
mei	4	昧	30
mei	4	痗	3
mei	4	袂	23
mei	4	韎	1
mei	4	魅	26
men	2	们	6658
men	2	扪	5
men	2	璊	2
men	2	穈	2
men	2	门	2515
men	4	懑	2
men	4	闷	287
meng	1	矇	1
meng	1	蒙	178
meng	2	幪	2
meng	2	朦	24
meng	2	氓	6
meng	2	濛	5
meng	2	盟	25
meng	2	瞢	1
meng	2	萌	5
meng	2	蝱	2
meng	2	饛	1
meng	3	懵	16
meng	3	猛	162
meng	3	蜢	1
meng	3	蠓	3
meng	4	孟	41
meng	4	梦	369
mi	1	咪	3
mi	1	眯	51
mi	2	弥	115
mi	2	瀰	5
mi	2	爢	2
mi	2	猕	2
mi	2	祢	2
mi	2	糜	4
mi	2	縻	1
mi	2	蘼	3
mi	2	谜	17
mi	2	迷	303
mi	2	醚	1
mi	2	靡	108
mi	2	麋	4
mi	3	弭	10
mi	3	濔	4
mi	3	米	118
mi	3	芈	1
mi	4	宓	3
mi	4	密	209
mi	4	泌	4
mi	4	秘	79
mi	4	蜜	44
mi	4	觅	43
mi	4	谧	4
mian	2	媔	1
mian	2	棉	24
mian	2	眠	58
mian	2	矊	1
mian	2	绵	123
mian	3	偭	1
mian	3	免	314
mian	3	冕	2
mian	3	勉	110
mian	3	沔	4
mian	3	湎	2
mian	3	眄	3
mian	3	缅	1
mian	3	腼	10
mian	4	面	3622
miao	1	喵	1
miao	2	描	45
miao	2	瞄	5
miao	2	苗	23
miao	3	杪	2
miao	3	淼	2
miao	3	渺	26
miao	3	眇	14
miao	3	秒	19
miao	3	缈	3
miao	3	藐	10
miao	3	邈	4
miao	4	妙	342
miao	4	庙	186
mie	1	乜	6
mie	4	幭	1
mie	4	灭	195
mie	4	篾	3
mie	4	蔑	15
mie	4	蠛	1
min	2	慜	2
min	2	旻	7
min	2	民	202
min	2	痻	1
min	2	缗	3
min	3	悯	20
min	3	愍	4
min	3	抿	33
min	3	敏	30
min	3	泯	7
min	3	皿	15
min	3	闵	15
min	3	闽	1
min	3	黾	6
ming	2	冥	63
ming	2	名	1136
ming	2	明	2526
ming	2	暝	1
ming	2	瞑	5
ming	2	茗	160
ming	2	螟	2
ming	2	铭	6
ming	2	鸣	150
ming	4	命	1839
miu	4	谬	12
mo	1	摸	319
mo	2	么	8475
mo	2	嫫	1
mo	2	嬷	290
mo	2	摩	420
mo	2	摹	3
mo	2	模	276
mo	2	磨	94
mo	2	膜	13
mo	2	蘑	10
mo	2	谟	1
mo	2	魔	508
mo	3	抹	130
mo	4	墨	257
mo	4	寞	44
mo	4	末	71
mo	4	殁	7
mo	4	沫	18
mo	4	漠	40
mo	4	瘼	2
mo	4	秣	5
mo	4	茉	5
mo	4	莫	354
mo	4	蓦	6
mo	4	藦	1
mo	4	貊	3
mo	4	镆	1
mo	4	陌	555
mo	4	默	311
mou	2	牟	5
mou	2	眸	75
mou	2	缪	11
mou	2	谋	93
mou	3	某	62
mu	3	亩	40
mu	3	姆	4
mu	3	姥	639
mu	3	拇	8
mu	3	母	2396
mu	3	牡	69
mu	4	募	1
mu	4	墓	16
mu	4	幕	57
mu	4	慕	91
mu	4	暮	49
mu	4	木	483
mu	4	楘	2
mu	4	沐	37
mu	4	牧	14
mu	4	目	532
mu	4	睦	18
mu	4	穆	65
mu	4	苜	1
mu	4	霂	1
na	2	拿	1499
na	3	哪	567
na	4	呐	19
na	4	娜	8
na	4	捺	6
na	4	纳	75
na	4	衲	2
na	4	軜	2
na	4	那	7887
nai	3	乃	259
nai	3	奶	1808
nai	4	奈	294
nai	4	柰	1
nai	4	耐	93
nai	4	鼐	2
nan	2	南	615
nan	2	喃	69
nan	2	楠	3
nan	2	男	382
nan	2	难	1325
nan	3	戁	1
nan	3	赧	1
nang	1	囔	11
nang	2	囊	63
nang	2	馕	1
nang	3	攮	8
nang	3	曩	2
nao	2	呶	2
nao	2	峱	4
nao	2	怓	1
nao	2	挠	41
nao	2	猱	2
nao	2	蛲	1
nao	2	铙	1
nao	3	恼	196
nao	3	瑙	5
nao	3	脑	257
nao	4	淖	2
nao	4	臑	1
nao	4	闹	650
ne	4	讷	4
nei	3	馁	2
nei	4	内	1355
nen	4	嫩	54
nen	4	恁	3
neng	2	能	2754
ni	1	妮	1
ni	2	倪	47
ni	2	呢	2292
ni	2	尼	58
ni	2	泥	106
ni	2	猊	3
ni	2	蜺	2
ni	2	霓	367
ni	2	鲵	1
ni	3	你	12227
ni	3	拟	58
ni	3	旎	2
ni	3	狔	1
ni	3	薿	2
ni	4	匿	10
ni	4	惄	3
ni	4	昵	11
ni	4	暱	1
ni	4	溺	41
ni	4	睨	2
ni	4	腻	41
ni	4	逆	61
nian	1	拈	51
nian	2	年	2097
nian	2	粘	24
nian	2	黏	7
nian	3	捻	4
nian	3	撵	64
nian	3	碾	1
nian	3	辇	2
nian	4	念	759
niang	2	娘	2128
niang	4	酿	25
niao	3	茑	3
niao	3	袅	18
niao	3	鸟	210
niao	4	尿	26
nie	1	捏	99
nie	4	嗫	5
nie	4	孽	99
nie	4	涅	5
nie	4	聂	1
nie	4	蘖	1
nie	4	蹑	17
nin	2	您	8
ning	2	凝	176
ning	2	咛	12
ning	2	宁	398
ning	2	拧	26
ning	2	狞	17
ning	2	甯	1
ning	4	佞	2
ning	4	泞	2
niu	1	妞	12
niu	2	牛	156
niu	3	扭	162
niu	3	杻	3
niu	3	狃	2
niu	3	纽	2
niu	3	钮	2
nong	2	侬	9
nong	2	农	74
nong	2	哝	25
nong	2	浓	69
nong	2	秾	7
nong	2	脓	3
nong	2	襛	1
nong	4	弄	455
nu	2	奴	223
nu	2	孥	1
nu	2	驽	3
nu	3	努	146
nu	3	弩	15
nu	3	砮	1
nu	4	怒	372
nuan	3	暖	189
nuo	2	傩	6
nuo	2	挪	57
nuo	4	喏	1
nuo	4	懦	8
nuo	4	搦	2
nuo	4	糯	3
nuo	4	诺	27
nv	3	女	1615
nv	3	籹	1
nv	4	衄	1
nve	04	疟	3
nve	04	虐	30
o	1	喔	3
o	2	哦	145
ou	1	欧	24
ou	1	殴	12
ou	1	瓯	1
ou	1	讴	5
ou	1	鸥	5
ou	3	偶	140
ou	3	呕	17
ou	3	耦	2
ou	3	藕	69
ou	4	怄	34
ou	4	沤	8
pa	1	啪	20
pa	1	葩	4
pa	1	趴	57
pa	2	杷	1
pa	2	爬	204
pa	2	琶	13
pa	4	帕	72
pa	4	怕	1466
pai	1	拍	225
pai	2	徘	11
pai	2	排	191
pai	2	牌	155
pai	4	派	521
pai	4	湃	16
pan	1	攀	26
pan	1	潘	180
pan	2	槃	7
pan	2	盘	269
pan	2	磐	5
pan	2	蟠	312
pan	4	判	42
pan	4	叛	34
pan	4	拚	7
pan	4	泮	15
pan	4	牉	2
pan	4	畔	21
pan	4	盼	60
pan	4	袢	2
pang	1	乓	14
pang	1	滂	6
pang	1	雱	2
pang	2	庞	16
pang	2	彷	6
pang	2	旁	460
pang	2	螃	28
pang	3	耪	1
pang	4	胖	56
pao	1	抛	64
pao	2	刨	5
pao	2	匏	8
pao	2	咆	19
pao	2	庖	3
pao	2	炮	60
pao	2	炰	4
pao	2	狍	2
pao	2	袍	70
pao	2	麃	5
pao	3	跑	503
pao	4	泡	74
pei	1	呸	25
pei	1	醅	1
pei	2	培	11
pei	2	裴	7
pei	2	赔	90
pei	2	陪	419
pei	4	佩	145
pei	4	帔	2
pei	4	旆	9
pei	4	沛	7
pei	4	珮	1
pei	4	辔	27
pei	4	配	228
pei	4	霈	2
pen	1	喷	77
pen	2	盆	106
peng	1	嘭	9
peng	1	怦	15
peng	1	烹	21
peng	1	砰	6
peng	2	彭	46
peng	2	朋	114
peng	2	棚	28
peng	2	澎	12
peng	2	篷	23
peng	2	膨	3
peng	2	芃	11
peng	2	蓬	55
peng	2	鹏	21
peng	3	捧	164
peng	4	碰	251
pi	1	伾	2
pi	1	劈	69
pi	1	噼	4
pi	1	批	45
pi	1	披	117
pi	1	砒	7
pi	1	秠	2
pi	1	纰	7
pi	1	霹	11
pi	1	駓	3
pi	2	埤	3
pi	2	枇	1
pi	2	毗	2
pi	2	琵	13
pi	2	疲	41
pi	2	皮	354
pi	2	罴	7
pi	2	脾	68
pi	2	膍	1
pi	2	蚍	1
pi	2	貔	2
pi	2	阰	1
pi	3	仳	4
pi	3	匹	94
pi	3	擗	2
pi	3	疋	3
pi	3	痞	1
pi	3	癖	9
pi	4	僻	39
pi	4	屁	80
pi	4	淠	5
pi	4	甓	3
pi	4	譬	12
pian	1	偏	387
pian	1	篇	412
pian	1	翩	47
pian	2	蹁	2
pian	4	片	496
pian	4	骗	90
piao	1	剽	1
piao	1	嘌	2
piao	1	漂	117
piao	1	飘	237
piao	2	嫖	7
piao	2	瓢	25
piao	3	殍	13
piao	3	瞟	9
piao	3	缥	5
piao	4	票	18
pie	1	撇	23
pie	1	瞥	12
pin	1	姘	1
pin	1	拼	157
pin	2	嫔	11
pin	2	薲	7
pin	2	蘋	6
pin	2	贫	80
pin	2	频	20
pin	2	颦	32
pin	3	品	150
pin	4	牝	3
pin	4	聘	33
ping	1	乒	10
ping	1	娉	1
ping	1	頩	2
ping	2	凭	255
ping	2	坪	1
ping	2	屏	137
ping	2	平	1303
ping	2	枰	3
ping	2	淜	1
ping	2	瓶	89
ping	2	苹	8
ping	2	荓	2
ping	2	萍	16
ping	2	蓱	1
ping	2	评	56
po	1	坡	65
po	1	泼	91
po	1	颇	34
po	2	婆	809
po	2	皤	2
po	2	鄱	1
po	3	叵	2
po	4	珀	62
po	4	破	455
po	4	粕	1
po	4	迫	66
po	4	魄	132
pou	1	剖	11
pou	2	裒	4
pou	3	掊	2
pu	1	仆	66
pu	1	噗	13
pu	1	扑	164
pu	1	痡	2
pu	1	铺	180
pu	2	匍	8
pu	2	濮	1
pu	2	莆	1
pu	2	菩	53
pu	2	葡	13
pu	2	蒲	31
pu	3	圃	25
pu	3	普	62
pu	3	朴	66
pu	3	氆	1
pu	3	浦	15
pu	3	溥	7
pu	3	谱	64
pu	3	蹼	1
pu	4	曝	2
pu	4	瀑	18
qi	1	七	534
qi	1	僛	2
qi	1	凄	98
qi	1	嘁	12
qi	1	妻	228
qi	1	悽	3
qi	1	慼	1
qi	1	戚	158
qi	1	期	143
qi	1	栖	30
qi	1	棲	2
qi	1	欹	2
qi	1	欺	140
qi	1	沏	14
qi	1	漆	90
qi	1	萋	21
qi	1	蹊	4
qi	2	其	1770
qi	2	奇	558
qi	2	岐	10
qi	2	崎	5
qi	2	懠	1
qi	2	旂	10
qi	2	旗	81
qi	2	棋	155
qi	2	歧	3
qi	2	淇	29
qi	2	琦	2
qi	2	琪	15
qi	2	畦	5
qi	2	疧	1
qi	2	祁	17
qi	2	祈	20
qi	2	祺	2
qi	2	綦	2
qi	2	耆	4
qi	2	脐	4
qi	2	芪	3
qi	2	蛴	2
qi	2	跂	4
qi	2	锜	4
qi	2	颀	4
qi	2	骐	19
qi	2	骑	89
qi	2	鬐	1
qi	2	鳍	1
qi	2	麒	23
qi	2	齐	456
qi	3	乞	30
qi	3	企	5
qi	3	启	74
qi	3	屺	2
qi	3	岂	512
qi	3	杞	11
qi	3	绮	42
qi	3	芑	7
qi	3	起	4584
qi	4	器	491
qi	4	契	27
qi	4	弃	166
qi	4	愒	2
qi	4	憩	4
qi	4	气	2493
qi	4	汔	5
qi	4	汽	5
qi	4	泣	107
qi	4	砌	19
qi	4	葺	5
qi	4	讫	2
qi	4	迄	6
qia	1	掐	63
qia	3	卡	14
qia	4	恰	93
qia	4	洽	13
qian	1	佥	1
qian	1	千	5281
qian	1	愆	11
qian	1	搴	6
qian	1	牵	121
qian	1	签	56
qian	1	褰	7
qian	1	谦	54
qian	1	迁	122
qian	1	铅	1
qian	1	阡	525
qian	1	骞	4
qian	2	乾	50
qian	2	前	2905
qian	2	潜	58
qian	2	荨	1
qian	2	虔	14
qian	2	钤	2
qian	2	钱	757
qian	2	钳	2
qian	2	黔	2
qian	3	浅	163
qian	3	缱	9
qian	3	肷	2
qian	3	谴	4
qian	3	遣	102
qian	4	伣	1
qian	4	倩	11
qian	4	堑	1
qian	4	嵌	19
qian	4	欠	96
qian	4	歉	12
qian	4	茜	21
qiang	1	呛	11
qiang	1	戕	4
qiang	1	戗	3
qiang	1	抢	188
qiang	1	斨	6
qiang	1	枪	120
qiang	1	玱	3
qiang	1	羌	18
qiang	1	腔	39
qiang	1	跄	56
qiang	1	锵	15
qiang	2	墙	181
qiang	2	嫱	3
qiang	2	强	652
qiang	2	彊	6
qiang	2	樯	2
qiang	2	蔷	109
qiang	3	襁	3
qiao	1	敲	87
qiao	1	橇	4
qiao	1	跷	8
qiao	1	蹻	10
qiao	1	锹	5
qiao	2	乔	37
qiao	2	憔	17
qiao	2	桥	109
qiao	2	樵	5
qiao	2	瞧	919
qiao	2	翘	21
qiao	2	荍	2
qiao	2	谯	5
qiao	2	鞒	1
qiao	3	巧	403
qiao	3	悄	518
qiao	4	俏	31
qiao	4	峭	6
qiao	4	撬	2
qiao	4	窍	21
qiao	4	诮	3
qiao	4	鞘	61
qie	1	切	537
qie	2	伽	4
qie	2	茄	16
qie	3	且	1293
qie	4	妾	56
qie	4	怯	37
qie	4	惬	3
qie	4	朅	5
qie	4	窃	36
qie	4	箧	1
qie	4	趄	7
qie	4	踥	2
qin	1	亲	1526
qin	1	侵	41
qin	1	綅	1
qin	1	衾	32
qin	1	钦	36
qin	1	骎	4
qin	2	勤	74
qin	2	噙	5
qin	2	擒	58
qin	2	琴	398
qin	2	禽	8
qin	2	秦	356
qin	2	芩	2
qin	2	芹	63
qin	2	螓	2
qin	3	寝	48
qin	4	吣	1
qin	4	沁	38
qing	1	倾	85
qing	1	卿	643
qing	1	圊	1
qing	1	清	1255
qing	1	蜻	4
qing	1	轻	1387
qing	1	青	537
qing	2	情	1723
qing	2	擎	8
qing	2	晴	378
qing	2	檠	2
qing	2	黥	1
qing	3	请	1485
qing	3	顷	21
qing	4	庆	146
qing	4	磬	11
qing	4	罄	4
qiong	2	惸	1
qiong	2	琼	41
qiong	2	睘	4
qiong	2	穷	105
qiong	2	穹	14
qiong	2	茕	6
qiong	2	藑	1
qiong	2	蛩	6
qiong	2	邛	5
qiu	1	丘	55
qiu	1	楸	5
qiu	1	湫	3
qiu	1	秋	488
qiu	1	邱	10
qiu	1	鳅	6
qiu	1	鹙	1
qiu	2	俅	55
qiu	2	囚	53
qiu	2	求	696
qiu	2	球	57
qiu	2	璆	1
qiu	2	絿	1
qiu	2	虬	6
qiu	2	蝤	2
qiu	2	裘	51
qiu	2	觩	3
qiu	2	逑	6
qiu	2	遒	5
qiu	2	酋	2
qiu	2	銶	2
qiu	3	糗	3
qu	1	区	31
qu	1	屈	160
qu	1	岖	5
qu	1	曲	188
qu	1	祛	7
qu	1	蛆	11
qu	1	蛐	6
qu	1	袪	3
qu	1	诎	1
qu	1	趋	15
qu	1	躯	19
qu	1	驱	76
qu	2	劬	7
qu	2	渠	5
qu	2	瞿	8
qu	2	籧	3
qu	2	蕖	1
qu	2	衢	3
qu	2	躣	2
qu	3	取	688
qu	3	娶	178
qu	3	龋	1
qu	4	去	9743
qu	4	觑	25
qu	4	趣	239
quan	1	圈	143
quan	2	全	998
quan	2	婘	1
quan	2	拳	143
quan	2	权	84
quan	2	泉	79
quan	2	痊	13
quan	2	荃	3
quan	2	蜷	19
quan	2	颧	2
quan	2	鬈	2
quan	3	犬	23
quan	3	绻	7
quan	4	券	15
quan	4	劝	531
que	1	缺	57
que	1	阙	8
que	2	瘸	5
que	4	却	2740
que	4	悫	1
que	4	确	134
que	4	碻	1
que	4	阕	4
que	4	雀	88
que	4	鹊	20
qun	1	囷	2
qun	1	逡	2
qun	2	群	236
qun	2	裙	81
ran	2	然	4130
ran	2	燃	34
ran	2	髯	9
ran	3	冉	16
ran	3	染	515
ran	3	苒	4
rang	2	瀼	5
rang	2	瓤	1
rang	2	禳	2
rang	2	穰	13
rang	3	嚷	154
rang	3	壤	3
rang	3	攘	7
rang	4	让	1486
rao	2	娆	9
rao	2	桡	3
rao	2	荛	1
rao	2	饶	138
rao	3	扰	65
rao	4	绕	149
re	3	惹	133
re	4	热	378
ren	2	人	17826
ren	2	仁	126
ren	2	壬	3
ren	3	忍	423
ren	3	稔	1
ren	3	荏	9
ren	4	仞	6
ren	4	任	506
ren	4	刃	25
ren	4	牣	1
ren	4	纫	7
ren	4	衽	4
ren	4	认	516
ren	4	轫	4
ren	4	韧	5
ren	4	饪	2
reng	1	扔	114
reng	2	仍	471
reng	2	陾	2
ri	4	日	3935
rong	2	容	793
rong	2	嵘	3
rong	2	戎	38
rong	2	溶	22
rong	2	熔	2
rong	2	绒	16
rong	2	茸	9
rong	2	荣	429
rong	2	蓉	318
rong	2	融	67
rong	3	冗	6
rou	2	厹	2
rou	2	揉	75
rou	2	柔	193
rou	2	糅	8
rou	2	蹂	3
rou	2	鞣	1
rou	4	肉	356
ru	2	儒	96
ru	2	嚅	5
ru	2	如	4739
ru	2	孺	5
ru	2	挐	2
ru	2	濡	13
ru	2	茹	12
ru	2	薷	1
ru	2	蠕	4
ru	2	醹	1
ru	3	乳	33
ru	3	汝	33
ru	3	辱	74
ru	4	入	1083
ru	4	洳	4
ru	4	溽	1
ru	4	缛	4
ru	4	蓐	1
ru	4	褥	46
ruan	3	软	255
ruan	3	阮	61
rui	2	緌	2
rui	2	蕤	4
rui	3	蕊	51
rui	4	枘	2
rui	4	瑞	329
rui	4	睿	5
rui	4	芮	2
rui	4	蚋	1
rui	4	锐	17
run	4	润	51
run	4	闰	1
ruo	4	偌	2
ruo	4	弱	190
ruo	4	箬	1
ruo	4	若	1932
sa	1	仨	1
sa	1	撒	167
sa	3	洒	114
sa	4	萨	49
sa	4	飒	12
sai	1	塞	96
sai	1	腮	40
sai	4	赛	31
san	1	三	2424
san	1	叁	1
san	3	伞	54
san	4	散	570
sang	1	丧	146
sang	1	桑	87
sang	3	嗓	40
sang	3	颡	1
sao	1	搔	5
sao	1	臊	58
sao	1	骚	22
sao	3	嫂	305
sao	3	扫	141
se	4	啬	7
se	4	涩	40
se	4	瑟	60
se	4	穑	12
se	4	色	1251
sen	1	森	47
sen	1	椮	1
seng	1	僧	111
sha	1	杀	1528
sha	1	榝	2
sha	1	沙	93
sha	1	煞	51
sha	1	砂	14
sha	1	纱	133
sha	1	裟	2
sha	1	鲨	2
sha	2	啥	12
sha	3	傻	290
sha	4	厦	23
sha	4	唼	2
sha	4	嗄	3
sha	4	霎	7
shai	1	筛	5
shai	4	晒	25
shan	1	删	11
shan	1	山	2344
shan	1	杉	2
shan	1	潸	4
shan	1	煽	5
shan	1	珊	10
shan	1	膻	6
shan	1	芟	4
shan	1	衫	29
shan	3	煔	1
shan	3	闪	219
shan	3	陕	4
shan	4	善	216
shan	4	墠	4
shan	4	嬗	1
shan	4	扇	137
shan	4	擅	42
shan	4	汕	3
shan	4	缮	7
shan	4	膳	12
shan	4	讪	47
shan	4	赡	3
shang	1	伤	948
shang	1	商	314
shang	1	殇	3
shang	1	觞	8
shang	3	垧	4
shang	3	晌	87
shang	3	赏	328
shang	4	上	9771
shang	4	尚	531
shang	4	绱	1
shao	1	捎	11
shao	1	梢	27
shao	1	烧	251
shao	1	稍	89
shao	1	艄	13
shao	1	萷	1
shao	2	勺	10
shao	2	杓	2
shao	2	芍	14
shao	2	韶	14
shao	3	少	997
shao	4	哨	43
shao	4	绍	26
shao	4	邵	1
she	1	奢	15
she	1	猞	2
she	1	畬	1
she	1	赊	8
she	2	揲	1
she	2	舌	229
she	2	蛇	78
she	3	舍	260
she	4	射	186
she	4	慑	8
she	4	摄	37
she	4	涉	46
she	4	社	97
she	4	设	220
she	4	赦	230
she	4	韘	3
she	4	麝	253
shen	1	伸	339
shen	1	侁	2
shen	1	呻	13
shen	1	深	785
shen	1	甡	2
shen	1	申	70
shen	1	穼	1
shen	1	绅	7
shen	1	莘	6
shen	1	诜	4
shen	1	身	3694
shen	1	駪	4
shen	2	神	2148
shen	3	婶	163
shen	3	审	70
shen	3	沈	8
shen	3	矧	4
shen	3	谂	2
shen	4	慎	51
shen	4	渗	14
shen	4	甚	390
shen	4	葚	3
shen	4	蜃	7
sheng	1	升	165
sheng	1	声	2210
sheng	1	牲	53
sheng	1	生	2797
sheng	1	甥	33
sheng	1	笙	161
sheng	1	苼	1
sheng	2	绳	91
sheng	3	省	259
sheng	4	剩	199
sheng	4	圣	156
sheng	4	盛	241
sheng	4	胜	380
shi	1	失	704
shi	1	尸	154
shi	1	师	2254
shi	1	施	248
shi	1	湿	83
shi	1	狮	24
shi	1	葹	2
shi	1	蓍	5
shi	1	虱	4
shi	1	诗	386
shi	1	酾	4
shi	1	鸤	7
shi	2	什	3990
shi	2	十	2374
shi	2	埘	4
shi	2	实	881
shi	2	寔	3
shi	2	拾	261
shi	2	时	4842
shi	2	榯	1
shi	2	湜	3
shi	2	石	752
shi	2	蚀	25
shi	2	识	287
shi	2	食	290
shi	3	使	997
shi	3	史	361
shi	3	始	524
shi	3	屎	16
shi	3	矢	33
shi	3	豕	6
shi	3	驶	6
shi	4	世	1104
shi	4	事	4204
shi	4	仕	15
shi	4	侍	316
shi	4	势	308
shi	4	嗜	15
shi	4	噬	32
shi	4	士	444
shi	4	奭	2
shi	4	室	185
shi	4	市	64
shi	4	式	197
shi	4	弑	2
shi	4	恃	21
shi	4	拭	42
shi	4	是	21399
shi	4	柿	1
shi	4	氏	547
shi	4	澨	1
shi	4	示	110
shi	4	筮	5
shi	4	舐	1
shi	4	莳	1
shi	4	螫	9
shi	4	视	292
shi	4	誓	80
shi	4	试	245
shi	4	谥	2
shi	4	轼	4
shi	4	适	108
shi	4	逝	81
shi	4	释	264
shi	4	饰	101
shou	1	收	868
shou	3	守	367
shou	3	手	3338
shou	3	首	416
shou	4	兽	287
shou	4	受	868
shou	4	售	2
shou	4	寿	165
shou	4	授	62
shou	4	狩	12
shou	4	瘦	57
shou	4	绶	1
shu	1	书	1265
shu	1	倏	17
shu	1	叔	434
shu	1	姝	12
shu	1	抒	2
shu	1	摅	2
shu	1	枢	8
shu	1	梳	111
shu	1	殊	41
shu	1	殳	3
shu	1	淑	37
shu	1	疏	112
shu	1	纾	2
shu	1	舒	91
shu	1	菽	13
shu	1	蔬	24
shu	1	输	171
shu	2	塾	20
shu	2	孰	40
shu	2	熟	212
shu	2	赎	63
shu	3	属	126
shu	3	暑	20
shu	3	曙	3
shu	3	癙	1
shu	3	署	6
shu	3	薯	2
shu	3	蜀	11
shu	3	黍	33
shu	3	鼠	72
shu	4	墅	3
shu	4	庶	63
shu	4	恕	43
shu	4	戍	12
shu	4	数	759
shu	4	术	265
shu	4	束	146
shu	4	树	394
shu	4	漱	56
shu	4	竖	114
shu	4	述	90
shua	1	刷	19
shua	1	唰	5
shua	3	耍	84
shuai	1	摔	101
shuai	1	衰	38
shuai	3	甩	27
shuai	4	帅	32
shuai	4	率	158
shuai	4	蟀	11
shuan	1	拴	91
shuan	1	栓	1
shuan	1	闩	10
shuang	1	双	433
shuang	1	孀	4
shuang	1	霜	124
shuang	1	鹴	1
shuang	3	爽	68
shui	2	谁	1405
shui	3	水	1745
shui	4	帨	3
shui	4	睡	951
shui	4	税	8
shun	3	吮	10
shun	4	瞬	193
shun	4	舜	20
shun	4	顺	450
shuo	1	说	13853
shuo	4	搠	11
shuo	4	朔	249
shuo	4	槊	1
shuo	4	烁	26
shuo	4	硕	43
shuo	4	铄	7
si	1	丝	414
si	1	厮	282
si	1	司	251
si	1	嘶	25
si	1	思	894
si	1	撕	76
si	1	斯	150
si	1	澌	5
si	1	私	215
si	3	死	2095
si	4	伺	114
si	4	似	834
si	4	俟	22
si	4	儩	1
si	4	兕	14
si	4	嗣	14
si	4	四	1601
si	4	姒	3
si	4	寺	120
si	4	巳	10
si	4	汜	9
si	4	泗	5
si	4	涘	5
si	4	祀	41
si	4	竢	1
si	4	耜	7
si	4	肆	48
si	4	饲	5
si	4	驷	16
song	1	娀	2
song	1	崧	3
song	1	嵩	2
song	1	忪	4
song	1	松	730
song	3	怂	9
song	3	悚	9
song	3	竦	2
song	3	耸	16
song	4	宋	1058
song	4	讼	9
song	4	诵	26
song	4	送	1220
song	4	颂	43
sou	1	嗖	30
sou	1	搜	97
sou	1	艘	4
sou	1	锼	1
sou	1	飕	7
sou	1	馊	1
sou	3	叟	5
sou	3	瞍	2
sou	3	薮	5
sou	4	嗽	85
su	1	苏	90
su	1	酥	43
su	2	俗	233
su	4	塑	16
su	4	夙	38
su	4	宿	147
su	4	愫	2
su	4	愬	2
su	4	樕	2
su	4	泝	1
su	4	溯	12
su	4	簌	10
su	4	粟	3
su	4	素	423
su	4	肃	92
su	4	蔌	3
su	4	诉	773
su	4	谡	2
su	4	速	211
su	4	鹔	1
suan	1	狻	2
suan	1	酸	155
suan	4	算	972
suan	4	蒜	5
sui	1	虽	1371
sui	2	绥	27
sui	2	隋	2
sui	2	随	730
sui	3	髓	13
sui	4	岁	324
sui	4	檖	2
sui	4	璲	1
sui	4	碎	229
sui	4	祟	56
sui	4	穗	19
sui	4	穟	2
sui	4	谇	4
sui	4	遂	279
sui	4	邃	23
sui	4	隧	3
sun	1	孙	446
sun	1	狲	5
sun	1	荪	7
sun	1	飧	5
sun	3	损	52
sun	3	笋	14
sun	3	隼	6
suo	1	傞	2
suo	1	唆	40
suo	1	嗦	15
suo	1	娑	8
suo	1	挲	9
suo	1	梭	5
suo	1	缩	71
suo	1	莎	2
suo	1	蓑	11
suo	3	所	2090
suo	3	琐	20
suo	3	索	184
suo	3	锁	147
ta	1	他	14710
ta	1	塌	54
ta	1	她	5827
ta	1	它	394
ta	3	塔	38
ta	3	獭	2
ta	4	嗒	2
ta	4	挞	2
ta	4	榻	132
ta	4	沓	6
ta	4	踏	129
ta	4	蹋	5
ta	4	遢	2
ta	4	闼	4
tai	1	胎	61
tai	2	台	178
tai	2	抬	435
tai	2	苔	21
tai	2	邰	1
tai	2	骀	2
tai	4	太	5323
tai	4	态	142
tai	4	汰	6
tai	4	泰	35
tan	1	啴	12
tan	1	坍	10
tan	1	摊	17
tan	1	滩	31
tan	1	瘫	17
tan	1	贪	119
tan	2	坛	52
tan	2	惔	2
tan	2	檀	43
tan	2	潭	7
tan	2	痰	44
tan	2	覃	8
tan	2	谈	142
tan	2	谭	4
tan	3	嗿	1
tan	3	坦	18
tan	3	忐	6
tan	3	毯	4
tan	3	菼	4
tan	3	袒	3
tan	3	襢	2
tan	3	醓	1
tan	4	叹	458
tan	4	探	656
tan	4	炭	45
tang	1	汤	253
tang	1	镗	3
tang	2	唐	138
tang	2	堂	353
tang	2	塘	15
tang	2	搪	16
tang	2	棠	73
tang	2	糖	656
tang	2	膛	9
tang	2	螗	1
tang	2	螳	2
tang	3	倘	160
tang	3	帑	7
tang	3	曭	1
tang	3	淌	24
tang	3	躺	167
tang	4	烫	58
tang	4	趟	58
tao	1	叨	52
tao	1	慆	12
tao	1	掏	88
tao	1	槄	1
tao	1	涛	66
tao	1	滔	64
tao	1	绦	16
tao	1	饕	2
tao	2	啕	8
tao	2	桃	288
tao	2	淘	53
tao	2	绹	2
tao	2	萄	13
tao	2	逃	287
tao	2	陶	28
tao	2	鞉	2
tao	2	鼗	1
tao	3	讨	181
tao	4	套	147
te	4	忑	6
te	4	忒	40
te	4	慝	4
te	4	特	209
teng	2	滕	6
teng	2	疼	515
teng	2	縢	3
teng	2	腾	139
teng	2	藤	38
teng	2	螣	1
teng	2	誊	7
ti	1	剔	40
ti	1	梯	41
ti	1	踢	85
ti	2	啼	65
ti	2	提	657
ti	2	蹄	54
ti	2	醍	1
ti	2	题	281
ti	2	鹈	5
ti	3	体	697
ti	4	剃	14
ti	4	嚏	12
ti	4	屉	18
ti	4	悌	2
ti	4	悐	2
ti	4	惕	10
ti	4	揥	4
ti	4	替	427
ti	4	涕	53
ti	4	籊	3
ti	4	趯	5
ti	4	逷	1
tian	1	天	4395
tian	1	添	211
tian	2	填	53
tian	2	恬	6
tian	2	搷	1
tian	2	甜	81
tian	2	田	133
tian	2	畋	1
tian	2	窴	1
tian	2	阗	8
tian	3	忝	6
tian	3	殄	10
tian	3	腆	10
tian	3	舔	35
tian	4	瑱	5
tiao	1	佻	11
tiao	1	恌	3
tiao	1	挑	244
tiao	1	祧	1
tiao	2	条	469
tiao	2	笤	4
tiao	2	苕	7
tiao	2	蜩	4
tiao	2	调	299
tiao	2	迢	4
tiao	2	鞗	4
tiao	2	鲦	2
tiao	3	窕	6
tiao	4	眺	4
tiao	4	跳	338
tie	1	贴	171
tie	3	铁	191
tie	3	驖	4
tie	4	帖	108
tie	4	餮	1
ting	1	厅	154
ting	1	听	4231
ting	1	汀	4
ting	2	亭	82
ting	2	停	310
ting	2	婷	8
ting	2	庭	87
ting	2	廷	80
ting	2	蜓	4
ting	2	霆	11
ting	3	挺	137
ting	3	町	3
tong	1	通	562
tong	2	仝	105
tong	2	僮	5
tong	2	同	1236
tong	2	峒	21
tong	2	彤	22
tong	2	桐	51
tong	2	潼	3
tong	2	瞳	13
tong	2	穜	2
tong	2	童	126
tong	2	铜	56
tong	3	捅	5
tong	3	桶	45
tong	3	筒	21
tong	3	统	101
tong	4	恸	3
tong	4	痛	491
tou	1	偷	361
tou	1	媮	1
tou	2	头	6735
tou	2	投	194
tou	2	骰	28
tou	4	透	228
tu	1	凸	15
tu	1	嶀	1
tu	1	秃	26
tu	1	突	690
tu	2	图	178
tu	2	屠	59
tu	2	徒	414
tu	2	涂	234
tu	2	瘏	4
tu	2	稌	1
tu	2	荼	26
tu	2	途	67
tu	2	酴	1
tu	3	吐	166
tu	3	土	193
tu	3	钍	1
tu	4	兔	46
tu	4	菟	2
tuan	1	湍	6
tuan	2	团	201
tuan	2	慱	3
tuan	2	抟	3
tuan	2	漙	2
tuan	2	篿	1
tuan	3	畽	4
tui	1	推	366
tui	1	蓷	6
tui	2	隤	2
tui	2	颓	23
tui	3	腿	205
tui	4	蜕	3
tui	4	褪	23
tui	4	退	416
tui	4	駾	1
tun	1	吞	97
tun	1	暾	1
tun	1	焞	2
tun	2	屯	19
tun	2	忳	6
tun	2	臀	4
tun	2	豚	1
tun	2	饨	4
tuo	1	乇	2
tuo	1	托	218
tuo	1	拖	150
tuo	1	脱	265
tuo	2	佗	6
tuo	2	侻	1
tuo	2	坨	1
tuo	2	橐	3
tuo	2	沱	5
tuo	2	砣	1
tuo	2	紽	4
tuo	2	酡	2
tuo	2	陀	81
tuo	2	陁	1
tuo	2	驒	1
tuo	2	驮	15
tuo	2	驼	3
tuo	2	鼍	2
tuo	3	妥	152
tuo	3	椭	2
tuo	4	唾	12
tuo	4	嶞	1
tuo	4	拓	2
tuo	4	萚	11
wa	1	哇	58
wa	1	娲	63
wa	1	挖	48
wa	1	洼	14
wa	1	窐	1
wa	1	蛙	2
wa	2	娃	44
wa	3	瓦	37
wa	4	袜	18
wai	1	歪	107
wai	3	崴	1
wai	4	外	1898
wan	1	剜	8
wan	1	弯	99
wan	1	湾	5
wan	1	蜿	14
wan	1	豌	3
wan	2	丸	62
wan	2	完	951
wan	2	玩	262
wan	2	纨	377
wan	2	芄	5
wan	2	顽	336
wan	3	婉	33
wan	3	宛	32
wan	3	惋	1
wan	3	挽	82
wan	3	晚	605
wan	3	晼	1
wan	3	琬	1
wan	3	畹	1
wan	3	碗	253
wan	3	绾	14
wan	3	菀	8
wan	4	万	676
wan	4	脕	1
wan	4	腕	43
wang	1	汪	26
wang	2	亡	116
wang	2	王	2487
wang	3	往	1456
wang	3	惘	13
wang	3	枉	85
wang	3	网	163
wang	3	罔	27
wang	3	魍	5
wang	4	妄	93
wang	4	忘	421
wang	4	旺	128
wang	4	望	1126
wei	1	偎	3
wei	1	危	140
wei	1	威	180
wei	1	巍	32
wei	1	微	926
wei	1	煨	4
wei	1	葳	4
wei	1	薇	37
wei	1	蜲	2
wei	1	逶	16
wei	1	隈	2
wei	2	为	4214
wei	2	唯	112
wei	2	围	361
wei	2	嵬	23
wei	2	帏	8
wei	2	帷	15
wei	2	惟	143
wei	2	桅	1
wei	2	硙	2
wei	2	维	311
wei	2	违	81
wei	2	闱	6
wei	2	韦	5
wei	3	亹	5
wei	3	伟	23
wei	3	伪	13
wei	3	委	181
wei	3	尾	112
wei	3	洧	11
wei	3	炜	3
wei	3	玮	1
wei	3	纬	5
wei	3	苇	53
wei	3	萎	25
wei	3	韡	3
wei	3	鲔	6
wei	4	位	620
wei	4	卫	89
wei	4	味	273
wei	4	喂	74
wei	4	尉	92
wei	4	慰	157
wei	4	未	1263
wei	4	渭	22
wei	4	猬	3
wei	4	畏	79
wei	4	罻	1
wei	4	胃	18
wei	4	蔚	11
wei	4	谓	174
wei	4	餧	2
wei	4	魏	19
wen	1	温	337
wen	1	瘟	7
wen	2	文	698
wen	2	纹	190
wen	2	蚊	18
wen	2	闻	455
wen	2	阌	1
wen	2	雯	341
wen	3	刎	4
wen	3	吻	82
wen	3	抆	1
wen	3	稳	121
wen	3	紊	1
wen	4	汶	8
wen	4	问	2750
weng	1	嗡	33
weng	1	翁	72
weng	3	塕	1
weng	3	蓊	2
weng	4	瓮	12
wo	1	倭	9
wo	1	涡	2
wo	1	窝	100
wo	3	我	15289
wo	4	卧	90
wo	4	幄	4
wo	4	握	212
wo	4	斡	2
wo	4	沃	20
wo	4	渥	16
wo	4	龌	6
wu	1	乌	76
wu	1	呜	242
wu	1	屋	628
wu	1	巫	16
wu	1	汙	5
wu	1	污	48
wu	1	洿	1
wu	1	诬	8
wu	1	邬	1
wu	2	吴	243
wu	2	吾	121
wu	2	无	3833
wu	2	梧	12
wu	2	毋	6
wu	2	芜	50
wu	2	蜈	2
wu	2	铻	1
wu	3	五	1143
wu	3	仵	5
wu	3	伍	17
wu	3	侮	19
wu	3	午	125
wu	3	妩	16
wu	3	庑	2
wu	3	忤	9
wu	3	捂	48
wu	3	武	903
wu	3	牾	1
wu	3	舞	252
wu	3	迕	1
wu	3	鹉	7
wu	4	兀	6
wu	4	务	129
wu	4	勿	44
wu	4	唔	4
wu	4	坞	8
wu	4	婺	2
wu	4	寤	29
wu	4	悟	76
wu	4	戊	2
wu	4	扤	1
wu	4	晤	5
wu	4	杌	10
wu	4	焐	1
wu	4	物	729
wu	4	误	159
wu	4	鋈	5
wu	4	雾	89
wu	4	骛	9
wu	4	鹜	2
xi	1	兮	1555
xi	1	吸	170
xi	1	唏	3
xi	1	嘻	128
xi	1	夕	185
xi	1	奚	13
xi	1	娭	2
xi	1	嬉	15
xi	1	希	152
xi	1	息	548
xi	1	悉	116
xi	1	惜	440
xi	1	昔	81
xi	1	晞	10
xi	1	晰	18
xi	1	晳	1
xi	1	曦	2
xi	1	析	8
xi	1	樨	3
xi	1	欷	8
xi	1	汐	1
xi	1	淅	11
xi	1	溪	53
xi	1	潝	2
xi	1	熄	6
xi	1	熙	37
xi	1	熹	1
xi	1	牺	38
xi	1	犀	19
xi	1	皙	20
xi	1	稀	53
xi	1	穸	1
xi	1	糦	1
xi	1	羲	78
xi	1	翕	4
xi	1	膝	56
xi	1	螅	1
xi	1	蟋	11
xi	1	蠵	1
xi	1	裼	3
xi	1	西	1307
xi	1	觽	3
xi	1	豨	1
xi	1	锡	44
xi	1	饎	3
xi	2	习	190
xi	2	媳	352
xi	2	席	270
xi	2	蓆	2
xi	2	袭	1238
xi	2	隰	37
xi	3	喜	1155
xi	3	屣	1
xi	3	徙	4
xi	3	枲	1
xi	3	洗	303
xi	3	玺	1
xi	3	禧	4
xi	3	縰	2
xi	3	謑	1
xi	4	墍	6
xi	4	戏	326
xi	4	系	333
xi	4	綌	4
xi	4	细	691
xi	4	舄	6
xi	4	赩	1
xi	4	阋	5
xi	4	隙	34
xia	1	呷	5
xia	1	瞎	64
xia	1	虾	23
xia	2	侠	153
xia	2	匣	51
xia	2	峡	5
xia	2	暇	41
xia	2	狎	3
xia	2	狭	40
xia	2	瑕	15
xia	2	辖	35
xia	2	遐	16
xia	2	霞	66
xia	2	騢	1
xia	2	黠	2
xia	4	下	7023
xia	4	吓	306
xia	4	夏	284
xian	1	仙	1706
xian	1	先	1422
xian	1	嘕	1
xian	1	掀	69
xian	1	暹	4
xian	1	纤	36
xian	1	跹	3
xian	1	锨	5
xian	1	鲜	239
xian	2	咸	33
xian	2	娴	7
xian	2	嫌	156
xian	2	弦	60
xian	2	涎	9
xian	2	舷	4
xian	2	衔	42
xian	2	贤	108
xian	2	闲	388
xian	3	显	189
xian	3	燹	1
xian	3	猃	2
xian	3	玁	11
xian	3	筅	2
xian	3	藓	3
xian	3	跣	1
xian	3	险	147
xian	4	僴	3
xian	4	县	232
xian	4	宪	9
xian	4	晛	2
xian	4	献	106
xian	4	现	1028
xian	4	睍	2
xian	4	线	194
xian	4	羡	44
xian	4	限	148
xian	4	陷	99
xian	4	霰	9
xian	4	馅	17
xiang	1	乡	120
xiang	1	厢	35
xiang	1	湘	615
xiang	1	相	1204
xiang	1	箱	82
xiang	1	纕	3
xiang	1	襄	29
xiang	1	镶	22
xiang	1	香	1183
xiang	1	骧	1
xiang	2	祥	63
xiang	2	翔	39
xiang	2	详	76
xiang	3	享	62
xiang	3	响	278
xiang	3	想	4061
xiang	3	飨	11
xiang	3	饷	3
xiang	3	鲞	2
xiang	4	像	600
xiang	4	向	1264
xiang	4	巷	40
xiang	4	橡	1
xiang	4	象	480
xiang	4	项	79
xiao	1	削	17
xiao	1	哓	4
xiao	1	嚣	10
xiao	1	宵	39
xiao	1	枭	2
xiao	1	櫹	1
xiao	1	消	354
xiao	1	潇	97
xiao	1	烋	1
xiao	1	硝	20
xiao	1	箫	215
xiao	1	绡	13
xiao	1	翛	4
xiao	1	肖	13
xiao	1	萧	55
xiao	1	虓	1
xiao	1	蛸	2
xiao	1	蟏	2
xiao	1	逍	19
xiao	1	销	48
xiao	1	霄	27
xiao	1	魈	3
xiao	1	鸮	12
xiao	2	殽	14
xiao	3	小	4777
xiao	3	晓	67
xiao	3	筱	1
xiao	4	傚	2
xiao	4	哮	20
xiao	4	啸	18
xiao	4	孝	356
xiao	4	效	74
xiao	4	校	14
xiao	4	歗	5
xiao	4	笑	5020
xie	1	些	3357
xie	1	揳	1
xie	1	歇	379
xie	1	蝎	14
xie	2	偕	35
xie	2	协	26
xie	2	挟	24
xie	2	携	86
xie	2	撷	5
xie	2	斜	48
xie	2	絜	3
xie	2	胁	23
xie	2	襭	2
xie	2	谐	11
xie	2	邪	139
xie	2	鞋	71
xie	3	写	568
xie	3	血	785
xie	4	亵	15
xie	4	卸	30
xie	4	屑	21
xie	4	懈	4
xie	4	暬	1
xie	4	械	8
xie	4	榭	30
xie	4	泄	63
xie	4	泻	30
xie	4	瀣	1
xie	4	燮	1
xie	4	绁	2
xie	4	薤	1
xie	4	蟹	36
xie	4	谢	444
xie	4	邂	8
xin	1	心	5964
xin	1	新	870
xin	1	昕	1
xin	1	欣	60
xin	1	歆	3
xin	1	薪	32
xin	1	辛	95
xin	1	馨	9
xin	4	信	1003
xin	4	囟	3
xin	4	衅	3
xing	1	兴	564
xing	1	惺	19
xing	1	星	358
xing	1	猩	35
xing	1	腥	73
xing	1	骍	8
xing	2	刑	112
xing	2	型	24
xing	2	形	396
xing	2	洐	1
xing	2	邢	419
xing	2	饧	6
xing	3	醒	451
xing	4	姓	244
xing	4	婞	2
xing	4	幸	266
xing	4	性	605
xing	4	悻	6
xing	4	杏	54
xing	4	荇	14
xiong	1	兄	784
xiong	1	凶	102
xiong	1	匈	2
xiong	1	汹	27
xiong	1	胸	149
xiong	1	芎	2
xiong	1	讻	3
xiong	2	熊	37
xiong	2	雄	207
xiu	1	休	202
xiu	1	修	381
xiu	1	咻	2
xiu	1	羞	127
xiu	1	脩	25
xiu	1	貅	1
xiu	1	馐	1
xiu	1	鸺	3
xiu	3	朽	188
xiu	4	嗅	18
xiu	4	岫	97
xiu	4	琇	3
xiu	4	秀	248
xiu	4	绣	128
xiu	4	袖	185
xiu	4	褎	5
xiu	4	锈	5
xu	1	吁	50
xu	1	嘘	22
xu	1	墟	138
xu	1	媭	1
xu	1	戌	8
xu	1	歔	1
xu	1	盱	2
xu	1	胥	22
xu	1	虚	358
xu	1	訏	4
xu	1	需	185
xu	1	须	236
xu	1	顼	1
xu	2	冔	1
xu	2	徐	92
xu	3	栩	13
xu	3	湑	12
xu	3	糈	1
xu	3	许	857
xu	3	诩	9
xu	3	醑	1
xu	4	侐	1
xu	4	勖	3
xu	4	叙	71
xu	4	婿	55
xu	4	序	44
xu	4	恤	22
xu	4	慉	2
xu	4	旭	5
xu	4	溆	8
xu	4	煦	2
xu	4	畜	25
xu	4	稸	1
xu	4	絮	29
xu	4	绪	69
xu	4	续	170
xu	4	蓄	22
xu	4	蓿	1
xu	4	藇	2
xu	4	藚	2
xu	4	酗	2
xu	4	鱮	5
xuan	1	儇	3
xuan	1	喧	16
xuan	1	宣	79
xuan	1	揎	4
xuan	1	暄	6
xuan	1	翾	1
xuan	1	萱	6
xuan	1	谖	10
xuan	1	轩	283
xuan	1	鞙	2
xuan	1	駽	1
xuan	2	悬	94
xuan	2	旋	94
xuan	2	漩	2
xuan	2	玄	93
xuan	2	璇	2
xuan	3	咺	3
xuan	3	癣	3
xuan	3	选	149
xuan	4	炫	10
xuan	4	眩	32
xuan	4	眴	2
xuan	4	绚	7
xuan	4	衒	1
xue	1	薛	1017
xue	1	靴	28
xue	2	学	632
xue	2	穴	84
xue	2	踅	3
xue	3	雪	540
xue	4	谑	21
xun	1	勋	16
xun	1	埙	3
xun	1	熏	51
xun	1	纁	1
xun	1	薰	119
xun	1	醺	13
xun	2	寻	417
xun	2	峋	2
xun	2	巡	52
xun	2	循	15
xun	2	旬	15
xun	2	洵	17
xun	2	浔	8
xun	2	荀	2
xun	2	询	15
xun	2	郇	2
xun	2	鲟	3
xun	4	巽	1
xun	4	徇	12
xun	4	殉	4
xun	4	训	58
xun	4	讯	23
xun	4	迅	63
xun	4	逊	5
xun	4	驯	4
ya	1	丫	1366
ya	1	压	216
ya	1	吖	2
ya	1	呀	90
ya	1	押	171
ya	1	枒	1
ya	1	桠	4
ya	1	鸦	28
ya	1	鸭	28
ya	2	伢	1
ya	2	崖	32
ya	2	涯	12
ya	2	牙	208
ya	2	睚	42
ya	2	芽	6
ya	2	衙	203
ya	3	哑	41
ya	3	雅	144
ya	4	亚	5
ya	4	讶	33
ya	4	轧	2
ya	4	迓	1
yan	1	咽	138
yan	1	嫣	6
yan	1	崦	1
yan	1	恹	12
yan	1	淹	33
yan	1	渰	1
yan	1	湮	6
yan	1	烟	307
yan	1	焉	119
yan	1	胭	30
yan	1	菸	1
yan	2	严	568
yan	2	壛	1
yan	2	妍	5
yan	2	岩	17
yan	2	延	223
yan	2	檐	43
yan	2	沿	71
yan	2	炎	32
yan	2	盐	19
yan	2	研	28
yan	2	筵	63
yan	2	蜒	13
yan	2	言	1058
yan	2	阎	49
yan	2	颜	207
yan	3	俨	6
yan	3	偃	12
yan	3	剡	3
yan	3	奄	50
yan	3	巘	1
yan	3	掩	169
yan	3	檿	1
yan	3	演	68
yan	3	琰	1
yan	3	眼	2253
yan	3	衍	20
yan	3	魇	9
yan	3	鰋	2
yan	4	厌	104
yan	4	唁	6
yan	4	堰	1
yan	4	宴	178
yan	4	彦	33
yan	4	晏	13
yan	4	滟	1
yan	4	焰	45
yan	4	焱	2
yan	4	燕	219
yan	4	砚	43
yan	4	艳	94
yan	4	谚	1
yan	4	酽	4
yan	4	雁	193
yan	4	餍	2
yan	4	验	62
yan	4	鷃	1
yang	1	央	112
yang	1	殃	10
yang	1	泱	6
yang	1	秧	1
yang	1	鞅	1
yang	1	鸯	444
yang	2	佯	13
yang	2	徉	4
yang	2	扬	234
yang	2	杨	366
yang	2	洋	112
yang	2	羊	87
yang	2	钖	1
yang	2	阳	308
yang	2	飏	3
yang	3	仰	196
yang	3	养	342
yang	3	卬	14
yang	3	氧	2
yang	3	瀁	1
yang	3	痒	69
yang	4	怏	5
yang	4	恙	16
yang	4	样	3298
yang	4	漾	20
yao	1	吆	20
yao	1	喓	5
yao	1	夭	43
yao	1	妖	1047
yao	1	幺	26
yao	1	殀	1
yao	1	腰	209
yao	1	葽	2
yao	1	邀	46
yao	2	姚	7
yao	2	尧	14
yao	2	徭	2
yao	2	摇	524
yao	2	爻	14
yao	2	珧	1
yao	2	瑶	94
yao	2	窑	13
yao	2	繇	3
yao	2	肴	22
yao	2	谣	27
yao	2	遥	85
yao	3	咬	250
yao	3	杳	9
yao	3	窈	9
yao	3	舀	25
yao	3	鷕	2
yao	4	曜	9
yao	4	耀	70
yao	4	药	524
yao	4	要	6479
yao	4	鹞	5
ye	1	噎	18
ye	1	椰	1
ye	2	爷	1861
ye	2	耶	52
ye	3	也	9539
ye	3	冶	38
ye	3	野	284
ye	4	业	130
ye	4	叶	240
ye	4	夜	955
ye	4	掖	17
ye	4	晔	3
ye	4	曳	11
ye	4	液	54
ye	4	烨	7
ye	4	腋	11
ye	4	谒	2
ye	4	靥	8
ye	4	页	14
ye	4	馌	6
yi	1	一	25234
yi	1	伊	66
yi	1	依	934
yi	1	医	155
yi	1	咿	7
yi	1	噫	5
yi	1	壹	11
yi	1	揖	43
yi	1	猗	30
yi	1	衣	964
yi	1	鹥	7
yi	2	仪	140
yi	2	咦	7
yi	2	夷	55
yi	2	姨	958
yi	2	宜	146
yi	2	嶷	2
yi	2	彝	3
yi	2	怡	104
yi	2	柂	2
yi	2	桋	1
yi	2	沂	5
yi	2	疑	281
yi	2	痍	1
yi	2	眙	1
yi	2	移	121
yi	2	荑	6
yi	2	觺	2
yi	2	诒	19
yi	2	贻	12
yi	2	遗	121
yi	2	颐	2
yi	2	饴	1
yi	3	乙	13
yi	3	以	3796
yi	3	倚	82
yi	3	已	2586
yi	3	旖	2
yi	3	椅	102
yi	3	矣	306
yi	3	苢	10
yi	3	蚁	16
yi	3	迤	15
yi	4	义	294
yi	4	亦	517
yi	4	亿	11
yi	4	仡	2
yi	4	佚	4
yi	4	刈	6
yi	4	勚	1
yi	4	呓	4
yi	4	嗌	2
yi	4	埸	3
yi	4	奕	16
yi	4	屹	7
yi	4	异	498
yi	4	弈	8
yi	4	弋	8
yi	4	役	85
yi	4	忆	166
yi	4	怿	6
yi	4	悒	2
yi	4	意	2215
yi	4	懿	7
yi	4	抑	55
yi	4	挹	4
yi	4	斁	8
yi	4	易	445
yi	4	曀	6
yi	4	枻	2
yi	4	殪	2
yi	4	毅	4
yi	4	泆	1
yi	4	浥	2
yi	4	溢	34
yi	4	熠	8
yi	4	疫	4
yi	4	瘗	1
yi	4	益	109
yi	4	绎	16
yi	4	缢	5
yi	4	羿	4
yi	4	翌	4
yi	4	翳	86
yi	4	翼	110
yi	4	肄	6
yi	4	臆	3
yi	4	艺	77
yi	4	蓺	8
yi	4	蜴	1
yi	4	裔	8
yi	4	议	280
yi	4	译	9
yi	4	诣	2
yi	4	谊	11
yi	4	轶	2
yi	4	逸	46
yi	4	邑	27
yi	4	镒	2
yi	4	驿	4
yi	4	鷁	1
yi	4	鹝	2
yin	1	喑	1
yin	1	因	2582
yin	1	姻	47
yin	1	愔	1
yin	1	慇	2
yin	1	殷	91
yin	1	氤	5
yin	1	洇	1
yin	1	瘖	1
yin	1	禋	6
yin	1	茵	3
yin	1	荫	21
yin	1	闉	2
yin	1	阴	239
yin	1	霠	1
yin	1	音	607
yin	1	骃	3
yin	2	吟	88
yin	2	垠	6
yin	2	夤	1
yin	2	寅	16
yin	2	淫	108
yin	2	狺	3
yin	2	银	955
yin	3	尹	13
yin	3	引	297
yin	3	瘾	6
yin	3	蚓	3
yin	3	隐	631
yin	3	靷	3
yin	3	饮	215
yin	4	印	325
yin	4	慭	1
yin	4	窨	2
yin	4	胤	3
ying	1	嘤	6
ying	1	婴	23
ying	1	媖	1
ying	1	应	1448
ying	1	樱	16
ying	1	瑛	8
ying	1	璎	10
ying	1	缨	17
ying	1	膺	12
ying	1	英	210
ying	1	莺	152
ying	1	蘡	1
ying	1	鹦	21
ying	1	鹰	17
ying	2	嬴	2
ying	2	楹	5
ying	2	瀛	1
ying	2	盈	64
ying	2	茔	2
ying	2	荧	18
ying	2	莹	33
ying	2	萤	9
ying	2	营	140
ying	2	萦	12
ying	2	蝇	27
ying	2	赢	91
ying	2	迎	511
ying	3	影	360
ying	3	郢	6
ying	3	颍	3
ying	3	颖	9
ying	4	媵	2
ying	4	映	53
ying	4	硬	221
yo	1	哟	89
yong	1	佣	4
yong	1	墉	8
yong	1	壅	11
yong	1	庸	23
yong	1	廱	2
yong	1	慵	11
yong	1	拥	91
yong	1	鄘	3
yong	1	镛	2
yong	1	雍	3
yong	1	雝	24
yong	1	饔	1
yong	1	鳙	1
yong	2	颙	3
yong	3	勇	116
yong	3	咏	33
yong	3	恿	7
yong	3	永	271
yong	3	泳	10
yong	3	涌	110
yong	3	甬	8
yong	3	蛹	4
yong	3	踊	8
yong	4	用	2438
you	1	优	59
you	1	呦	10
you	1	幽	376
you	1	忧	265
you	1	悠	148
you	1	懮	2
you	1	攸	27
you	1	浟	2
you	1	滺	3
you	1	麀	4
you	2	尤	540
you	2	油	137
you	2	游	290
you	2	犹	404
you	2	猷	2
you	2	由	717
you	2	肬	1
you	2	蚰	2
you	2	蝣	7
you	2	訧	2
you	2	輶	3
you	2	邮	2
you	3	卣	1
you	3	友	227
you	3	有	12457
you	3	槱	1
you	3	牖	10
you	3	莠	7
you	3	酉	6
you	3	黝	1
you	4	佑	16
you	4	侑	2
you	4	又	7768
you	4	右	264
you	4	囿	2
you	4	宥	3
you	4	幼	82
you	4	柚	5
you	4	狖	2
you	4	祐	2
you	4	诱	37
yu	1	淤	4
yu	1	瘀	1
yu	1	纡	8
yu	1	迂	13
yu	2	予	185
yu	2	于	1787
yu	2	余	394
yu	2	俞	12
yu	2	妤	1
yu	2	娱	23
yu	2	愉	16
yu	2	愚	50
yu	2	揄	1
yu	2	於	46
yu	2	旟	10
yu	2	杅	1
yu	2	楰	1
yu	2	榆	13
yu	2	欤	2
yu	2	歈	2
yu	2	渔	28
yu	2	渝	4
yu	2	瑜	1
yu	2	盂	15
yu	2	窬	1
yu	2	竽	6
yu	2	腴	1
yu	2	臾	9
yu	2	舆	24
yu	2	萸	36
yu	2	虞	43
yu	2	觎	1
yu	2	谀	2
yu	2	踰	4
yu	2	逾	9
yu	2	隅	8
yu	2	馀	15
yu	2	鰅	1
yu	2	鱼	270
yu	3	与	1791
yu	3	俣	4
yu	3	噳	2
yu	3	圄	1
yu	3	圉	4
yu	3	宇	42
yu	3	庾	4
yu	3	敔	1
yu	3	楀	1
yu	3	禹	18
yu	3	羽	98
yu	3	语	741
yu	3	雨	661
yu	3	麌	2
yu	4	喻	22
yu	4	域	11
yu	4	妪	6
yu	4	寓	16
yu	4	峪	7
yu	4	彧	597
yu	4	御	266
yu	4	愈	136
yu	4	棫	6
yu	4	欲	377
yu	4	毓	2
yu	4	浴	22
yu	4	淢	1
yu	4	潏	3
yu	4	燠	3
yu	4	狱	34
yu	4	玉	6364
yu	4	瘉	2
yu	4	癒	2
yu	4	緎	2
yu	4	罭	4
yu	4	聿	14
yu	4	育	40
yu	4	芋	9
yu	4	薁	4
yu	4	蜮	3
yu	4	裕	9
yu	4	誉	24
yu	4	谕	36
yu	4	豫	53
yu	4	遇	349
yu	4	遹	5
yu	4	郁	96
yu	4	预	210
yu	4	饇	1
yu	4	饫	4
yu	4	驈	1
yu	4	驭	19
yu	4	鬻	2
yu	4	鴥	3
yu	4	鴪	3
yu	4	鸒	1
yuan	1	冤	96
yuan	1	悁	3
yuan	1	渊	56
yuan	1	蜎	4
yuan	1	鸢	7
yuan	1	鸳	454
yuan	2	元	199
yuan	2	原	1390
yuan	2	员	110
yuan	2	园	637
yuan	2	圆	156
yuan	2	垣	15
yuan	2	嫄	2
yuan	2	援	34
yuan	2	橼	1
yuan	2	沅	6
yuan	2	湲	4
yuan	2	源	67
yuan	2	爰	64
yuan	2	猨	1
yuan	2	猿	9
yuan	2	缘	301
yuan	2	辕	237
yuan	2	騵	1
yuan	2	鼋	3
yuan	3	远	884
yuan	4	媛	9
yuan	4	怨	353
yuan	4	愿	507
yuan	4	苑	26
yuan	4	院	485
yue	1	曰	269
yue	1	矱	1
yue	1	约	231
yue	3	哕	6
yue	4	岳	37
yue	4	悦	65
yue	4	月	1743
yue	4	樾	1
yue	4	禴	2
yue	4	粤	5
yue	4	越	921
yue	4	跃	46
yue	4	钥	16
yue	4	钺	1
yue	4	阅	41
yue	4	龠	4
yun	1	氲	6
yun	2	云	1528
yun	2	匀	16
yun	2	昀	2
yun	2	畇	2
yun	2	筼	1
yun	2	耘	2
yun	2	芸	240
yun	3	允	73
yun	3	殒	6
yun	3	狁	11
yun	3	陨	17
yun	4	孕	6
yun	4	愠	12
yun	4	晕	156
yun	4	熨	12
yun	4	缊	1
yun	4	蕴	10
yun	4	运	120
yun	4	郓	51
yun	4	酝	3
yun	4	韫	1
yun	4	韵	76
za	1	匝	3
za	1	咂	10
za	1	扎	184
za	1	拶	1
za	1	臜	2
za	2	杂	143
za	2	砸	66
za	3	咋	6
zai	1	哉	106
zai	1	栽	65
zai	1	灾	47
zai	3	宰	23
zai	3	崽	19
zai	3	载	220
zai	4	再	2815
zai	4	在	9807
zan	1	簪	57
zan	2	咱	668
zan	3	寁	3
zan	3	攒	39
zan	3	趱	2
zan	4	暂	157
zan	4	瓒	2
zan	4	赞	135
zan	4	錾	9
zang	1	牂	5
zang	1	臧	32
zang	1	赃	24
zang	4	脏	87
zang	4	葬	64
zao	1	糟	94
zao	1	遭	180
zao	2	凿	30
zao	3	早	1327
zao	3	枣	43
zao	3	澡	29
zao	3	藻	24
zao	3	蚤	6
zao	4	唣	4
zao	4	噪	6
zao	4	灶	11
zao	4	燥	14
zao	4	皁	1
zao	4	皂	13
zao	4	躁	49
zao	4	造	230
ze	2	则	578
ze	2	啧	6
ze	2	择	134
ze	2	泽	64
ze	2	箦	3
ze	2	襗	1
ze	2	责	142
ze	4	仄	4
zei	2	贼	213
zen	3	怎	2492
zen	4	谮	9
zeng	1	增	55
zeng	1	憎	21
zeng	1	曾	549
zeng	1	矰	1
zeng	1	缯	1
zeng	1	罾	1
zeng	4	赠	60
zeng	4	鬵	2
zha	1	哳	1
zha	1	喳	23
zha	1	楂	1
zha	1	渣	9
zha	2	札	5
zha	2	闸	6
zha	3	眨	63
zha	4	乍	30
zha	4	吒	1
zha	4	咤	6
zha	4	栅	5
zha	4	榨	2
zha	4	炸	30
zha	4	蚱	3
zha	4	诈	29
zhai	1	摘	48
zhai	1	斋	51
zhai	2	宅	69
zhai	3	窄	17
zhai	4	债	22
zhai	4	寨	266
zhai	4	瘵	2
zhan	1	占	101
zhan	1	旃	11
zhan	1	毡	40
zhan	1	氈	3
zhan	1	沾	103
zhan	1	瞻	55
zhan	1	詹	27
zhan	1	谵	2
zhan	1	邅	3
zhan	1	鱣	2
zhan	1	鳣	3
zhan	1	鹯	1
zhan	3	展	94
zhan	3	崭	2
zhan	3	斩	70
zhan	3	盏	95
zhan	3	辗	12
zhan	4	战	462
zhan	4	栈	7
zhan	4	湛	33
zhan	4	站	584
zhan	4	绽	35
zhan	4	蘸	12
zhang	1	张	1075
zhang	1	彰	3
zhang	1	漳	1
zhang	1	獐	4
zhang	1	璋	5
zhang	1	章	446
zhang	1	粻	2
zhang	1	鄣	5
zhang	3	掌	502
zhang	3	涨	40
zhang	4	丈	151
zhang	4	仗	150
zhang	4	嶂	3
zhang	4	帐	214
zhang	4	幛	1
zhang	4	杖	62
zhang	4	瘴	2
zhang	4	胀	16
zhang	4	账	26
zhang	4	障	45
zhao	1	招	291
zhao	1	昭	67
zhao	1	朝	400
zhao	1	钊	1
zhao	3	找	965
zhao	3	沼	14
zhao	3	爪	26
zhao	4	兆	26
zhao	4	召	60
zhao	4	旐	8
zhao	4	棹	2
zhao	4	櫂	1
zhao	4	炤	1
zhao	4	照	534
zhao	4	罩	92
zhao	4	肇	7
zhao	4	诏	7
zhao	4	赵	249
zhe	1	折	272
zhe	1	遮	66
zhe	2	哲	19
zhe	2	晢	6
zhe	2	蛰	8
zhe	2	讁	2
zhe	2	谪	5
zhe	2	辙	4
zhe	3	者	853
zhe	3	褶	4
zhe	3	赭	4
zhe	4	柘	3
zhe	4	浙	3
zhe	4	这	11425
zhe	4	鹧	1
zhen	1	侦	5
zhen	1	斟	115
zhen	1	桢	1
zhen	1	榛	14
zhen	1	溱	11
zhen	1	珍	608
zhen	1	甄	124
zhen	1	真	1525
zhen	1	砧	7
zhen	1	祯	2
zhen	1	箴	5
zhen	1	胗	1
zhen	1	臻	11
zhen	1	蓁	7
zhen	1	贞	13
zhen	1	鍼	3
zhen	1	针	159
zhen	3	枕	115
zhen	3	畛	2
zhen	3	疹	1
zhen	3	诊	38
zhen	3	轸	8
zhen	3	鬒	2
zhen	4	振	67
zhen	4	朕	14
zhen	4	赈	2
zhen	4	镇	114
zhen	4	阵	607
zhen	4	震	163
zhen	4	鸩	4
zheng	1	争	201
zheng	1	峥	2
zheng	1	崝	1
zheng	1	征	72
zheng	1	怔	132
zheng	1	烝	39
zheng	1	狰	16
zheng	1	睁	285
zheng	1	筝	23
zheng	1	蒸	32
zheng	1	钲	1
zheng	1	铮	1
zheng	3	整	497
zheng	4	挣	127
zheng	4	政	1006
zheng	4	正	2523
zheng	4	症	45
zheng	4	证	101
zheng	4	诤	2
zheng	4	郑	59
zhi	1	之	5931
zhi	1	只	7407
zhi	1	吱	27
zhi	1	支	197
zhi	1	枝	177
zhi	1	汁	17
zhi	1	疷	1
zhi	1	知	5134
zhi	1	祗	14
zhi	1	稙	1
zhi	1	织	50
zhi	1	肢	38
zhi	1	脂	76
zhi	1	芝	5
zhi	1	蜘	2
zhi	1	鳷	1
zhi	2	侄	155
zhi	2	值	178
zhi	2	执	235
zhi	2	植	69
zhi	2	殖	6
zhi	2	直	1211
zhi	2	絷	5
zhi	2	职	104
zhi	2	跖	1
zhi	2	踯	1
zhi	2	蹠	1
zhi	3	咫	3
zhi	3	址	2
zhi	3	徵	5
zhi	3	指	904
zhi	3	旨	131
zhi	3	枳	5
zhi	3	止	471
zhi	3	沚	7
zhi	3	祉	7
zhi	3	纸	244
zhi	3	芷	13
zhi	3	趾	16
zhi	3	阯	1
zhi	3	黹	13
zhi	4	制	325
zhi	4	峙	10
zhi	4	帜	8
zhi	4	庤	1
zhi	4	彘	4
zhi	4	志	275
zhi	4	忮	3
zhi	4	挃	2
zhi	4	挚	8
zhi	4	掷	98
zhi	4	智	345
zhi	4	栉	3
zhi	4	桎	1
zhi	4	治	234
zhi	4	滞	35
zhi	4	炙	13
zhi	4	畤	1
zhi	4	疐	3
zhi	4	痔	1
zhi	4	痣	1
zhi	4	秩	16
zhi	4	稚	21
zhi	4	窒	24
zhi	4	置	211
zhi	4	至	1223
zhi	4	致	259
zhi	4	觯	1
zhi	4	质	126
zhi	4	贽	1
zhi	4	轾	1
zhi	4	铚	1
zhi	4	陟	30
zhi	4	雉	19
zhi	4	骘	6
zhi	4	鸷	3
zhong	1	中	4267
zhong	1	忠	127
zhong	1	盅	8
zhong	1	终	772
zhong	1	螽	11
zhong	1	衷	20
zhong	1	钟	264
zhong	1	锺	1
zhong	3	冢	14
zhong	3	尰	1
zhong	3	种	643
zhong	3	肿	29
zhong	3	踵	3
zhong	4	仲	62
zhong	4	众	2010
zhong	4	重	1019
zhou	1	侜	3
zhou	1	周	886
zhou	1	啁	1
zhou	1	州	337
zhou	1	洲	34
zhou	1	盩	4
zhou	1	粥	50
zhou	1	舟	65
zhou	1	诌	22
zhou	1	輈	3
zhou	2	妯	13
zhou	2	轴	16
zhou	3	帚	21
zhou	3	肘	6
zhou	4	咒	87
zhou	4	咮	2
zhou	4	宙	6
zhou	4	昼	41
zhou	4	皱	171
zhou	4	纣	6
zhou	4	绉	9
zhou	4	胄	1
zhou	4	酎	3
zhou	4	骤	16
zhu	1	朱	256
zhu	1	株	36
zhu	1	猪	93
zhu	1	珠	246
zhu	1	蛛	5
zhu	1	诛	40
zhu	1	诸	208
zhu	1	铢	2
zhu	2	烛	55
zhu	2	竹	570
zhu	2	竺	1
zhu	2	蓫	1
zhu	2	蠋	2
zhu	2	躅	1
zhu	2	逐	203
zhu	3	主	886
zhu	3	嘱	111
zhu	3	拄	16
zhu	3	渚	20
zhu	3	煮	34
zhu	3	瞩	2
zhu	3	麈	2
zhu	4	伫	13
zhu	4	住	2306
zhu	4	助	168
zhu	4	杼	1
zhu	4	柱	72
zhu	4	柷	1
zhu	4	注	305
zhu	4	炷	16
zhu	4	祝	149
zhu	4	筑	24
zhu	4	箸	30
zhu	4	纻	2
zhu	4	羜	2
zhu	4	翥	3
zhu	4	苎	5
zhu	4	著	38
zhu	4	蛀	1
zhu	4	贮	5
zhu	4	铸	4
zhu	4	馵	2
zhu	4	驻	12
zhua	1	抓	275
zhua	1	挝	1
zhuai	4	拽	57
zhuan	1	专	111
zhuan	1	砖	10
zhuan	1	颛	1
zhuan	3	转	749
zhuan	4	撰	19
zhuan	4	篆	8
zhuan	4	譔	1
zhuan	4	赚	29
zhuan	4	馔	16
zhuang	1	妆	105
zhuang	1	庄	387
zhuang	1	桩	9
zhuang	1	装	264
zhuang	4	壮	115
zhuang	4	撞	197
zhuang	4	状	158
zhui	1	椎	3
zhui	1	追	214
zhui	1	锥	10
zhui	1	隹	2
zhui	1	骓	8
zhui	1	鵻	4
zhui	4	坠	103
zhui	4	惴	14
zhui	4	缀	23
zhui	4	赘	21
zhun	1	啍	4
zhun	1	窀	1
zhun	1	谆	17
zhun	3	准	285
zhuo	1	倬	6
zhuo	1	拙	22
zhuo	1	捉	177
zhuo	1	桌	304
zhuo	1	焯	1
zhuo	1	穱	1
zhuo	2	卓	9
zhuo	2	啄	7
zhuo	2	擢	1
zhuo	2	斫	2
zhuo	2	斲	3
zhuo	2	椓	5
zhuo	2	汋	2
zhuo	2	浊	52
zhuo	2	浞	2
zhuo	2	濯	16
zhuo	2	灂	1
zhuo	2	灼	156
zhuo	2	琢	12
zhuo	2	着	10850
zhuo	2	罬	1
zhuo	2	茁	4
zhuo	2	诼	4
zhuo	2	酌	46
zhuo	2	镯	18
zi	1	仔	93
zi	1	兹	31
zi	1	呲	2
zi	1	咨	22
zi	1	姿	73
zi	1	孳	1
zi	1	嵫	1
zi	1	淄	1
zi	1	滋	59
zi	1	粢	1
zi	1	缁	9
zi	1	菑	3
zi	1	訾	1
zi	1	资	80
zi	1	辎	1
zi	1	锱	2
zi	1	髭	1
zi	1	鼒	1
zi	1	龇	5
zi	3	姊	281
zi	3	子	11776
zi	3	梓	9
zi	3	滓	2
zi	3	秭	3
zi	3	籽	1
zi	3	紫	799
zi	3	耔	1
zi	3	茈	36
zi	3	訿	5
zi	4	字	1217
zi	4	恣	15
zi	4	渍	17
zi	4	眥	1
zi	4	眦	44
zi	4	胾	1
zi	4	自	5587
zong	1	宗	422
zong	1	棕	3
zong	1	综	2
zong	1	豵	6
zong	1	踪	79
zong	1	鬃	8
zong	1	鬷	4
zong	3	总	589
zong	4	粽	2
zong	4	纵	159
zou	1	棸	1
zou	1	诹	2
zou	1	邹	26
zou	1	陬	2
zou	1	驺	5
zou	3	走	2397
zou	4	奏	96
zou	4	揍	3
zu	1	租	19
zu	1	菹	4
zu	1	蒩	1
zu	2	卒	60
zu	2	哫	1
zu	2	崒	1
zu	2	族	104
zu	2	足	294
zu	3	俎	1
zu	3	祖	313
zu	3	组	36
zu	3	诅	8
zu	3	阻	125
zuan	1	钻	96
zuan	3	纂	8
zuan	3	缵	8
zuan	4	攥	7
zui	3	嘴	705
zui	4	最	957
zui	4	罪	412
zui	4	醉	228
zun	1	噂	1
zun	1	尊	763
zun	1	樽	4
zun	1	遵	57
zun	1	鐏	1
zun	1	鳟	3
zuo	2	昨	383
zuo	3	佐	7
zuo	3	左	285
zuo	4	作	1832
zuo	4	做	1562
zuo	4	坐	1470
zuo	4	座	213
zuo	4	柞	9
zuo	4	祚	3
zuo	4	酢	3
ǹg	ǹ	嗯	9
